record_id,data_json
1,"{""customer_id"": ""CUST001"", ""phone"": ""9876543210"", ""order_value"": 1299}"
2,"{""name"": ""Rajesh Kumar"", ""email"": ""rajesh.kumar@email.com"", ""city"": ""Mumbai""}"
3,"{""first_name"": ""Priya"", ""product"": ""iPhone 14"", ""category"": ""Electronics""}"
4,"{""aadhar"": ""123456789012"", ""transaction_type"": ""purchase""}"
5,"{""email"": ""standalone@email.com"", ""product_id"": ""PROD123""}"
6,"{""name"": ""Amit Singh"", ""address"": ""123 MG Road, Bangalore, 560001"", ""ip_address"": ""192.168.1.100""}"
7,"{""city"": ""Delhi"", ""pin_code"": ""110001"", ""product_category"": ""Fashion""}"
8,"{""upi_id"": ""user123@paytm"", ""amount"": 500}"
9,"{""last_name"": ""Sharma"", ""order_id"": ""ORD789456""}"
10,"{""passport"": ""P1234567"", ""booking_reference"": ""BK123""}"
11,"{""device_id"": ""DEV456789"", ""app_version"": ""2.1.4""}"
12,"{""name"": ""Sneha Patel"", ""email"": ""sneha.patel@gmail.com"", ""device_id"": ""MOB123456""}"
13,"{""transaction_id"": ""TXN987654"", ""amount"": 2500, ""status"": ""completed""}"
14,"{""phone"": ""8765432109"", ""order_date"": ""2024-01-15""}"
15,"{""state"": ""Maharashtra"", ""product_name"": ""Laptop Bag""}"
16,"{""name"": ""Vikram Reddy"", ""address"": ""456 Brigade Road, Bengaluru, 560025"", ""email"": ""vikram@company.com""}"
17,"{""first_name"": ""Anita"", ""last_name_initial"": ""K"", ""age"": 28}"
18,"{""aadhar"": ""987654321098"", ""verification_status"": ""verified""}"
19,"{""email"": ""customer@service.com"", ""query_type"": ""refund""}"
20,"{""upi_id"": ""9123456780@ybl"", ""merchant"": ""Flipkart""}"
21,"{""product_description"": ""Samsung Galaxy S23"", ""price"": 65000}"
22,"{""name"": ""Deepika Agarwal"", ""phone"": ""7890123456"", ""email"": ""deepika@email.com""}"
23,"{""pin_code"": ""400001"", ""delivery_date"": ""2024-02-10""}"
24,"{""passport"": ""M9876543"", ""travel_date"": ""2024-03-15""}"
25,"{""customer_segment"": ""Premium"", ""loyalty_points"": 1500}"
26,"{""name"": ""Ravi Gupta"", ""address"": ""789 Park Street, Kolkata, 700016"", ""ip_address"": ""10.0.0.50""}"
27,"{""order_type"": ""Express"", ""shipping_method"": ""same_day""}"
28,"{""phone"": ""6789012345"", ""sms_consent"": true}"
29,"{""username"": ""techguru"", ""last_login"": ""2024-01-20""}"
30,"{""aadhar"": ""456789123045"", ""kyc_status"": ""pending""}"
31,"{""category"": ""Books"", ""author"": ""Chetan Bhagat""}"
32,"{""name"": ""Meera Joshi"", ""email"": ""meera.j@workplace.com"", ""device_type"": ""Android""}"
33,"{""session_id"": ""SESS789123"", ""duration"": ""45 minutes""}"
34,"{""upi_id"": ""merchant@okaxis"", ""payment_method"": ""UPI""}"
35,"{""region"": ""North India"", ""warehouse_code"": ""WH001""}"
36,"{""name"": ""Arjun Malhotra"", ""address"": ""321 Connaught Place, New Delhi, 110001"", ""phone"": ""9012345678""}"
37,"{""subscription_type"": ""Premium"", ""renewal_date"": ""2024-06-15""}"
38,"{""passport"": ""L5678901"", ""country"": ""India""}"
39,"{""first_name"": ""Kavya"", ""gender"": ""Female"", ""age_group"": ""25-35""}"
40,"{""aadhar"": ""234567890123"", ""bank_verification"": ""success""}"
41,"{""brand"": ""Nike"", ""model"": ""Air Max"", ""size"": ""9""}"
42,"{""name"": ""Siddharth Nair"", ""email"": ""sid.nair@tech.com"", ""ip_address"": ""203.192.1.45""}"
43,"{""currency"": ""INR"", ""exchange_rate"": 83.25}"
44,"{""phone"": ""8901234567"", ""notification_preference"": ""SMS""}"
45,"{""product_rating"": 4.5, ""review_count"": 150}"
46,"{""upi_id"": ""familyaccount@ibl"", ""family_size"": 4}"
47,"{""zip_code"": ""560001"", ""delivery_zone"": ""Zone_A""}"
48,"{""name"": ""Pooja Desai"", ""address"": ""567 FC Road, Pune, 411016"", ""email"": ""pooja.desai@email.in""}"
49,"{""app_name"": ""Flipkart"", ""version"": ""8.21.0""}"
50,"{""passport"": ""K1357902"", ""issue_date"": ""2020-05-10""}"
51,"{""last_name"": ""Iyer"", ""profession"": ""Software Engineer""}"
52,"{""aadhar"": ""345678901234"", ""address_proof"": ""verified""}"
53,"{""email"": ""support@flipkart.com"", ""ticket_id"": ""TICK456""}"
54,"{""name"": ""Rahul Krishnan"", ""phone"": ""7012345689"", ""device_id"": ""ANDROID789""}"
55,"{""search_query"": ""bluetooth headphones"", ""filters"": ""price,brand""}"
56,"{""upi_id"": ""8765432101@paytm"", ""auto_debit"": true}"
57,"{""state_code"": ""MH"", ""gst_number"": ""27ABCDE1234F1Z5""}"
58,"{""name"": ""Lakshmi Venkat"", ""email"": ""lakshmi.v@company.org"", ""address"": ""890 Anna Salai, Chennai, 600002""}"
59,"{""feature_flag"": ""new_checkout"", ""enabled"": true}"
60,"{""phone"": ""9345678012"", ""otp_verification"": ""pending""}"
61,"{""discount_code"": ""SAVE20"", ""validity"": ""2024-03-31""}"
62,"{""passport"": ""A9876543"", ""nationality"": ""Indian""}"
63,"{""first_name"": ""Rohan"", ""wishlist_count"": 15}"
64,"{""aadhar"": ""567890123456"", ""biometric_status"": ""matched""}"
65,"{""payment_gateway"": ""Razorpay"", ""transaction_fee"": 25}"
66,"{""name"": ""Nisha Bansal"", ""address"": ""123 Civil Lines, Jaipur, 302006"", ""ip_address"": ""122.161.49.178""}"
67,"{""inventory_id"": ""INV789"", ""stock_level"": 50}"
68,"{""upi_id"": ""business@axisbank"", ""merchant_category"": ""retail""}"
69,"{""city"": ""Hyderabad"", ""weather"": ""partly_cloudy""}"
70,"{""phone"": ""8456789123"", ""call_preference"": ""evening""}"
71,"{""coupon_code"": ""FIRST10"", ""usage_count"": 1}"
72,"{""name"": ""Karthik Subramanian"", ""email"": ""karthik.s@work.com"", ""device_type"": ""iOS""}"
73,"{""logistics_partner"": ""BlueDart"", ""tracking_id"": ""BD123456789""}"
74,"{""passport"": ""H2468013"", ""expiry_date"": ""2030-12-15""}"
75,"{""age"": 32, ""income_bracket"": ""middle_class""}"
76,"{""aadhar"": ""678901234567"", ""mobile_linked"": true}"
77,"{""return_reason"": ""size_issue"", ""refund_amount"": 899}"
78,"{""name"": ""Divya Sharma"", ""phone"": ""7123456890"", ""email"": ""divya@personal.com""}"
79,"{""seller_id"": ""SELLER001"", ""rating"": 4.2}"
80,"{""upi_id"": ""shop@hdfcbank"", ""settlement_cycle"": ""T+2""}"
81,"{""recommendation_type"": ""collaborative"", ""confidence"": 0.85}"
82,"{""name"": ""Manish Agrawal"", ""address"": ""456 Mall Road, Shimla, 171001"", ""email"": ""manish.ag@email.com""}"
83,"{""api_version"": ""v2.1"", ""response_time"": ""120ms""}"
84,"{""phone"": ""9567890123"", ""language_preference"": ""Hindi""}"
85,"{""last_name"": ""Reddy"", ""occupation"": ""Doctor""}"
86,"{""passport"": ""T3691470"", ""visa_required"": false}"
87,"{""affiliate_id"": ""AFF789"", ""commission_rate"": 5}"
88,"{""aadhar"": ""789012345678"", ""ekyc_timestamp"": ""2024-01-15T10:30:00Z""}"
89,"{""utm_source"": ""google"", ""campaign"": ""winter_sale""}"
90,"{""name"": ""Ananya Rao"", ""email"": ""ananya.rao@university.edu"", ""ip_address"": ""157.49.183.29""}"
91,"{""fraud_score"": 0.15, ""risk_level"": ""low""}"
92,"{""upi_id"": ""7890123456@ybl"", ""bank_name"": ""State Bank""}"
93,"{""search_filter"": ""electronics"", ""sort_by"": ""price_low_to_high""}"
94,"{""phone"": ""8234567890"", ""two_factor_auth"": true}"
95,"{""first_name"": ""Arun"", ""cart_value"": 2500}"
96,"{""name"": ""Preeti Kulkarni"", ""address"": ""789 Law Garden, Ahmedabad, 380006"", ""phone"": ""6789012345""}"
97,"{""machine_learning_model"": ""recommendation_v3"", ""accuracy"": 0.92}"
98,"{""passport"": ""R7410852"", ""place_of_issue"": ""Mumbai""}"
99,"{""city"": ""Bangalore"", ""traffic_condition"": ""moderate""}"
100,"{""aadhar"": ""890123456789"", ""consent_given"": true}"
101,"{""email"": ""newsletter@flipkart.com"", ""unsubscribe_rate"": 0.02}"
102,"{""name"": ""Suresh Pillai"", ""email"": ""suresh.pillai@office.com"", ""device_id"": ""TAB456789""}"
103,"{""performance_metric"": ""page_load_time"", ""value"": ""2.1s""}"
104,"{""upi_id"": ""quickpay@kotak"", ""limit_daily"": 50000}"
105,"{""last_name"": ""Gupta"", ""education"": ""MBA""}"
106,"{""phone"": ""7901234567"", ""marketing_consent"": false}"
107,"{""analytics_event"": ""product_view"", ""timestamp"": ""2024-01-20T14:22:33Z""}"
108,"{""name"": ""Rashmi Jain"", ""address"": ""321 Residency Road, Mysore, 570001"", ""email"": ""rashmi@workplace.in""}"
109,"{""cache_hit_ratio"": 0.78, ""response_cached"": true}"
110,"{""passport"": ""S9630741"", ""passport_type"": ""ordinary""}"
111,"{""first_name"": ""Vivek"", ""subscription_status"": ""active""}"
112,"{""aadhar"": ""901234567890"", ""demographic_verified"": true}"
113,"{""a_b_test"": ""checkout_flow_v2"", ""variant"": ""B""}"
114,"{""name"": ""Kavita Menon"", ""phone"": ""8345678901"", ""email"": ""kavita.menon@gmail.com""}"
115,"{""geo_location"": ""lat:12.9716,lng:77.5946"", ""accuracy"": ""10m""}"
116,"{""upi_id"": ""6543210987@paytm"", ""merchant_type"": ""individual""}"
117,"{""database_query"": ""SELECT * FROM products"", ""execution_time"": ""45ms""}"
118,"{""phone"": ""9876543210"", ""device_brand"": ""Samsung""}"
119,"{""last_name"": ""Singh"", ""marital_status"": ""married""}"
120,"{""name"": ""Aarav Pandey"", ""address"": ""654 Station Road, Lucknow, 226001"", ""ip_address"": ""49.15.183.91""}"
121,"{""content_type"": ""application/json"", ""encoding"": ""utf-8""}"
122,"{""passport"": ""Q8527419"", ""biometric_enrolled"": true}"
123,"{""city"": ""Coimbatore"", ""pincode"": ""641001""}"
124,"{""aadhar"": ""012345678901"", ""otp_verified"": true}"
125,"{""recommendation_engine"": ""neural_cf"", ""training_date"": ""2024-01-01""}"
126,"{""name"": ""Geetha Raman"", ""email"": ""geetha.raman@company.com"", ""device_type"": ""Desktop""}"
127,"{""webhook_url"": ""https://api.example.com/webhook"", ""status"": ""active""}"
128,"{""upi_id"": ""shopping@icici"", ""autopay_enabled"": false}"
129,"{""first_name"": ""Mohit"", ""preferred_language"": ""English""}"
130,"{""phone"": ""7456789012"", ""carrier"": ""Airtel""}"
131,"{""inventory_turnover"": 4.2, ""stock_out_rate"": 0.08}"
132,"{""name"": ""Shweta Kapoor"", ""address"": ""987 Sector 15, Noida, 201301"", ""phone"": ""8012345679""}"
133,"{""service_level"": ""premium"", ""response_time_sla"": ""< 1 hour""}"
134,"{""passport"": ""B1472583"", ""emergency_contact"": ""+91-9876543210""}"
135,"{""last_name"": ""Nair"", ""hobby"": ""photography""}"
136,"{""aadhar"": ""123450987654"", ""photo_verification"": ""passed""}"
137,"{""feature_toggle"": ""new_ui"", ""rollout_percentage"": 25}"
138,"{""name"": ""Harish Kumar"", ""email"": ""harish.kumar@tech.org"", ""ip_address"": ""203.88.138.42""}"
139,"{""data_pipeline"": ""etl_v2"", ""processed_records"": 1000000}"
140,"{""upi_id"": ""5432109876@ybl"", ""transaction_limit"": 100000}"
141,"{""search_algorithm"": ""elasticsearch"", ""index_size"": ""2.5GB""}"
142,"{""phone"": ""9123456789"", ""roaming_status"": false}"
143,"{""city"": ""Kochi"", ""state"": ""Kerala""}"
144,"{""name"": ""Ritika Saxena"", ""address"": ""234 Park Avenue, Gurgaon, 122001"", ""email"": ""ritika@company.net""}"
145,"{""microservice"": ""user_service"", ""health_status"": ""healthy""}"
146,"{""passport"": ""N6385207"", ""pages_remaining"": 28}"
147,"{""first_name"": ""Deepak"", ""loyalty_tier"": ""gold""}"
148,"{""aadhar"": ""234561098765"", ""fingerprint_matched"": true}"
149,"{""cdn_cache"": ""cloudflare"", ""hit_ratio"": 0.89}"
150,"{""name"": ""Priyanka Choudhary"", ""phone"": ""7890123456"", ""email"": ""priyanka.c@personal.in""}"
151,"{""log_level"": ""INFO"", ""message"": ""Transaction completed successfully""}"
152,"{""upi_id"": ""family@sbi"", ""beneficiary_count"": 3}"
153,"{""machine_id"": ""ML789"", ""cpu_utilization"": 65}"
154,"{""phone"": ""8567890123"", ""do_not_disturb"": true}"
155,"{""last_name"": ""Mishra"", ""department"": ""Engineering""}"
156,"{""name"": ""Aditi Bhatt"", ""address"": ""567 Race Course Road, Bangalore, 560001"", ""ip_address"": ""117.196.143.73""}"
157,"{""kubernetes_pod"": ""api-server-v2"", ""replicas"": 3}"
158,"{""passport"": ""G7418529"", ""sponsor_required"": false}"
159,"{""city"": ""Indore"", ""region"": ""Central India""}"
160,"{""aadhar"": ""345672109876"", ""iris_scan"": ""verified""}"
161,"{""email"": ""admin@system.com"", ""role"": ""system_admin""}"
162,"{""name"": ""Sameer Joshi"", ""email"": ""sameer.joshi@workplace.com"", ""device_id"": ""LAPTOP123""}"
163,"{""ssl_certificate"": ""valid"", ""expiry"": ""2024-12-31""}"
164,"{""upi_id"": ""4321098765@okaxis"", ""insurance_linked"": true}"
165,"{""first_name"": ""Neha"", ""age_verification"": ""completed""}"
166,"{""phone"": ""9234567890"", ""backup_number"": ""+91-8765432109""}"
167,"{""monitoring_alert"": ""high_memory_usage"", ""threshold_exceeded"": true}"
168,"{""name"": ""Vishal Agarwal"", ""address"": ""890 Commercial Street, Bangalore, 560001"", ""phone"": ""7345678901""}"
169,"{""load_balancer"": ""nginx"", ""upstream_servers"": 4}"
170,"{""passport"": ""F0741963"", ""travel_history"": ""USA,UAE,UK""}"
171,"{""last_name"": ""Patel"", ""blood_group"": ""O+""}"
172,"{""aadhar"": ""456783210987"", ""document_uploaded"": 2024-01-15""}"""
173,"{""api_rate_limit"": 1000, ""current_usage"": 245}"
174,"{""name"": ""Anjali Verma"", ""email"": ""anjali.verma@office.in"", ""ip_address"": ""59.144.123.67""}"
175,"{""database_connection"": ""mysql"", ""pool_size"": 20}"
176,"{""upi_id"": ""wallet@phonepe"", ""balance_inquiry"": true}"
177,"{""city"": ""Nagpur"", ""timezone"": ""Asia/Kolkata""}"
178,"{""phone"": ""8901234567"", ""international_roaming"": false}"
179,"{""first_name"": ""Rakesh"", ""credit_score"": 750}"
180,"{""name"": ""Sunita Devi"", ""address"": ""123 Gandhi Nagar, Patna, 800001"", ""email"": ""sunita.devi@email.org""}"
181,"{""message_queue"": ""rabbitmq"", ""queue_depth"": 150}"
182,"{""passport"": ""V2581470"", ""diplomatic_status"": false}"
183,"{""last_name"": ""Yadav"", ""experience"": ""5 years""}"
184,"{""aadhar"": ""567894321098"", ""address_change_request"": pending""}"""
185,"{""security_scan"": ""passed"", ""vulnerabilities_found"": 0}"
186,"{""name"": ""Ritu Singh"", ""phone"": ""6789012345"", ""email"": ""ritu.singh@company.com""}"
187,"{""container_registry"": ""docker_hub"", ""image_version"": ""v1.2.3""}"
188,"{""upi_id"": ""3210987654@paytm"", ""pin_change_required"": false}"
189,"{""city"": ""Chandigarh"", ""weather_forecast"": ""sunny""}"
190,"{""phone"": ""7678901234"", ""fiber_connection"": true}"
191,"{""first_name"": ""Manoj"", ""vehicle_type"": ""sedan""}"
192,"{""name"": ""Kavitha Reddy"", ""address"": ""456 Jubilee Hills, Hyderabad, 500033"", ""ip_address"": ""14.139.56.78""}"
193,"{""elastic_search"": ""cluster_healthy"", ""nodes"": 5}"
194,"{""passport"": ""J9637410"", ""minor_dependent"": false}"
195,"{""last_name"": ""Jain"", ""dietary_preference"": ""vegetarian""}"
196,"{""aadhar"": ""678905432109"", ""family_head"": true}"
197,"{""prometheus_metric"": ""http_requests_total"", ""value"": 50000}"
198,"{""name"": ""Abhishek Tiwari"", ""email"": ""abhishek.tiwari@work.com"", ""device_type"": ""Mobile""}"
199,"{""grafana_dashboard"": ""system_overview"", ""panels"": 12}"
200,"{""upi_id"": ""savings@unionbank"", ""interest_rate"": 3.5}"
201,"{""city"": ""Bhopal"", ""air_quality"": ""moderate""}"
202,"{""phone"": ""9012345678"", ""plan_type"": ""postpaid""}"
203,"{""first_name"": ""Shalini"", ""favorite_color"": ""blue""}"
204,"{""name"": ""Rohit Malhotra"", ""address"": ""789 CP Street, New Delhi, 110001"", ""phone"": ""8123456790""}"
205,"{""jenkins_build"": ""successful"", ""build_number"": 156}"
206,"{""passport"": ""C4702581"", ""renewal_due"": 2025-06-15""}"""
207,"{""last_name"": ""Chopra"", ""shoe_size"": 9}"
208,"{""aadhar"": ""789016543210"", ""nomination_updated"": true}"
209,"{""terraform_state"": ""applied"", ""resources"": 23}"
210,"{""name"": ""Shilpa Shetty"", ""email"": ""shilpa.shetty@personal.com"", ""ip_address"": ""122.161.85.94""}"
211,"{""ansible_playbook"": ""deploy_app"", ""tasks"": 15}"
212,"{""upi_id"": ""2109876543@ybl"", ""kyc_level"": ""full""}"
213,"{""city"": ""Vadodara"", ""population"": 1670000}"
214,"{""phone"": ""8456789012"", ""signal_strength"": ""-65dBm""}"
215,"{""first_name"": ""Gaurav"", ""t_shirt_size"": ""L""}"
216,"{""name"": ""Madhuri Dixit"", ""address"": ""321 Film City, Mumbai, 400059"", ""email"": ""madhuri@bollywood.com""}"
217,"{""docker_compose"": ""version_3"", ""services"": 8}"
218,"{""passport"": ""I1597532"", ""blood_type"": ""A+""}"
219,"{""last_name"": ""Bansal"", ""coffee_preference"": ""cappuccino""}"
220,"{""aadhar"": ""890127654321"", ""senior_citizen"": false}"
221,"{""nagios_check"": ""ok"", ""last_check"": ""2024-01-20T15:30:00Z""}"
222,"{""name"": ""Nikhil Sharma"", ""phone"": ""7234567890"", ""email"": ""nikhil.sharma@tech.in""}"
223,"{""zabbix_host"": ""web_server_01"", ""status"": ""monitored""}"
224,"{""upi_id"": ""business@yesbank"", ""gst_registered"": true}"
225,"{""city"": ""Surat"", ""textile_hub"": true}"
226,"{""phone"": ""9345678012"", ""voicemail_enabled"": false}"
227,"{""first_name"": ""Pooja"", ""pet_name"": ""Bruno""}"
228,"{""name"": ""Kiran Kumar"", ""address"": ""654 Residency Road, Mysore, 570001"", ""ip_address"": ""203.192.214.156""}"
229,"{""splunk_index"": ""main"", ""events_per_day"": 1000000}"
230,"{""passport"": ""O8529637"", ""dual_citizenship"": false}"
231,"{""last_name"": ""Agrawal"", ""music_preference"": ""classical""}"
232,"{""aadhar"": ""901238765432"", ""disability_certificate"": false}"
233,"{""elk_stack"": ""7.10.2"", ""log_retention"": ""30_days""}"
234,"{""name"": ""Swati Nanda"", ""email"": ""swati.nanda@university.ac.in"", ""device_id"": ""STU789123""}"
235,"{""redis_cache"": ""cluster_mode"", ""memory_usage"": ""2.1GB""}"
236,"{""upi_id"": ""1098765432@paytm"", ""fraud_alert"": false}"
237,"{""city"": ""Jodhpur"", ""heritage_site"": true}"
238,"{""phone"": ""8678901234"", ""emergency_contact"": true}"
239,"{""first_name"": ""Arpit"", ""gaming_preference"": ""FPS""}"
240,"{""name"": ""Geeta Patel"", ""address"": ""987 Law Garden Road, Ahmedabad, 380006"", ""phone"": ""6890123457""}"
241,"{""memcached"": ""1.6.9"", ""hit_ratio"": 0.84}"
242,"{""passport"": ""U6174829"", ""organ_donor"": true}"
243,"{""last_name"": ""Kulkarni"", ""sports_preference"": ""cricket""}"
244,"{""aadhar"": ""012347896543"", ""pan_linked"": true}"
245,"{""fluentd_buffer"": ""file"", ""buffer_size"": ""256MB""}"
246,"{""name"": ""Tarun Goel"", ""email"": ""tarun.goel@startup.io"", ""ip_address"": ""49.15.227.83""}"
247,"{""haproxy_backend"": ""app_servers"", ""active_servers"": 6}"
248,"{""upi_id"": ""0987654321@okaxis"", ""reward_points"": 2500}"
249,"{""city"": ""Agra"", ""monument"": ""Taj Mahal""}"
250,"{""phone"": ""7789012345"", ""data_plan"": ""unlimited""}"
251,"{""first_name"": ""Shruti"", ""zodiac_sign"": ""Leo""}"
252,"{""name"": ""Varun Dhawan"", ""address"": ""123 Linking Road, Mumbai, 400050"", ""email"": ""varun@actor.com""}"
253,"{""cassandra_cluster"": ""3_nodes"", ""replication_factor"": 3}"
254,"{""passport"": ""Z3681470"", ""machine_readable"": true}"
255,"{""last_name"": ""Sinha"", ""reading_habit"": ""fiction""}"
256,"{""aadhar"": ""123498765432"", ""uan_linked"": true}"
257,"{""neo4j_database"": ""graph_analytics"", ""node_count"": 50000}"
258,"{""name"": ""Ritesh Deshmukh"", ""phone"": ""9876543210"", ""email"": ""ritesh@film.in""}"
259,"{""apache_kafka"": ""2.8.0"", ""topics"": 25}"
260,"{""upi_id"": ""9876543210@ibl"", ""standing_instruction"": true}"
261,"{""city"": ""Guwahati"", ""tea_capital"": true}"
262,"{""phone"": ""6123456789"", ""hotspot_enabled"": true}"
263,"{""first_name"": ""Tanvi"", ""dance_form"": ""bharatanatyam""}"
264,"{""name"": ""Sachin Tendulkar"", ""address"": ""456 Perry Cross Road, Mumbai, 400050"", ""ip_address"": ""203.88.142.91""}"
265,"{""airflow_dag"": ""data_pipeline"", ""schedule_interval"": ""@daily""}"
266,"{""passport"": ""W9527413"", ""special_endorsement"": false}"
267,"{""last_name"": ""Pandey"", ""cooking_skill"": ""intermediate""}"
268,"{""aadhar"": ""234509876543"", ""ration_card_linked"": true}"
269,"{""spark_cluster"": ""4_workers"", ""memory"": ""16GB""}"
270,"{""name"": ""Alia Bhatt"", ""email"": ""alia@bollywood.in"", ""device_type"": ""iPhone""}"
271,"{""hdfs_replication"": 3, ""block_size"": ""128MB""}"
272,"{""upi_id"": ""8765432109@ybl"", ""max_transaction_limit"": 200000}"
273,"{""city"": ""Dehradun"", ""hill_station"": true}"
274,"{""phone"": ""9567890123"", ""call_forwarding"": false}"
275,"{""first_name"": ""Yash"", ""favorite_cuisine"": ""Italian""}"
276,"{""name"": ""Deepika Padukone"", ""address"": ""789 Bandra West, Mumbai, 400050"", ""phone"": ""8901234567""}"
277,"{""mongodb_replica"": ""primary"", ""oplog_size"": ""2GB""}"
278,"{""passport"": ""E4702581"", ""chip_enabled"": true}"
279,"{""last_name"": ""Gupta"", ""travel_frequency"": ""frequent""}"
280,"{""aadhar"": ""345608976543"", ""voter_id_linked"": true}"
281,"{""postgresql_version"": ""13.4"", ""extensions"": ""postgis,pg_stat_statements""}"
282,"{""name"": ""Ranbir Kapoor"", ""email"": ""ranbir@movies.com"", ""ip_address"": ""117.196.148.205""}"
283,"{""consul_cluster"": ""3_agents"", ""leader_election"": true}"
284,"{""upi_id"": ""7654321098@paytm"", ""mobile_banking"": true}"
285,"{""city"": ""Shimla"", ""altitude"": ""2205m""}"
286,"{""phone"": ""8234567890"", ""wifi_calling"": true}"
287,"{""first_name"": ""Ishita"", ""language_skills"": ""Hindi,English,French""}"
288,"{""name"": ""Hrithik Roshan"", ""address"": ""321 Juhu Beach, Mumbai, 400049"", ""email"": ""hrithik@superstar.in""}"
289,"{""vault_secrets"": ""encrypted"", ""policies"": 8}"
290,"{""passport"": ""D7418529"", ""photo_biometric"": true}"
291,"{""last_name"": ""Saxena"", ""workout_routine"": ""yoga""}"
292,"{""aadhar"": ""456709876543"", ""driving_license_linked"": true}"
293,"{""kubernetes_ingress"": ""nginx"", ""ssl_termination"": true}"
294,"{""name"": ""Katrina Kaif"", ""phone"": ""7123456890"", ""email"": ""katrina@actress.com""}"
295,"{""etcd_cluster"": ""healthy"", ""raft_applied_index"": 1000000}"
296,"{""upi_id"": ""6543210987@okaxis"", ""joint_account"": false}"
297,"{""city"": ""Manali"", ""skiing_season"": ""winter""}"
298,"{""phone"": ""9789012345"", ""conference_calling"": true}"
299,"{""first_name"": ""Naman"", ""programming_language"": ""Python""}"
300,"{""name"": ""Priyanka Chopra"", ""address"": ""654 Versova, Mumbai, 400061"", ""ip_address"": ""59.144.187.92""}"
301,"{""istio_mesh"": ""enabled"", ""sidecar_injection"": true}"
302,"{""passport"": ""K1593574"", ""rfid_enabled"": true}"
303,"{""last_name"": ""Tiwari"", ""meditation_practice"": ""mindfulness""}"
304,"{""aadhar"": ""567890432109"", ""health_insurance_linked"": true}"
305,"{""linkerd_proxy"": ""stable-2.11.1"", ""success_rate"": 99.9}"
306,"{""name"": ""Akshay Kumar"", ""email"": ""akshay@actionhero.in"", ""device_id"": ""ACTOR123""}"
307,"{""opentelemetry"": ""enabled"", ""traces_per_second"": 1000}"
308,"{""upi_id"": ""5432109876@ybl"", ""credit_card_linked"": true}"
309,"{""city"": ""Ooty"", ""tea_gardens"": true}"
310,"{""phone"": ""8012345678"", ""5g_enabled"": true}"
311,"{""first_name"": ""Sneha"", ""fitness_goal"": ""weight_loss""}"
312,"{""name"": ""Salman Khan"", ""address"": ""987 Galaxy Apartments, Mumbai, 400050"", ""phone"": ""9123456780""}"
313,"{""jaeger_tracing"": ""distributed"", ""spans_collected"": 50000}"
314,"{""passport"": ""M8630741"", ""biometric_exit"": true}"
315,"{""last_name"": ""Mahajan"", ""hobby"": ""painting""}"
316,"{""aadhar"": ""678901543210"", ""life_insurance_linked"": true}"
317,"{""zipkin_spans"": ""sampled"", ""sampling_rate"": 0.1}"
318,"{""name"": ""Aamir Khan"", ""email"": ""aamir@perfectionist.com"", ""ip_address"": ""14.139.67.143""}"
319,"{""flagger_canary"": ""progressive"", ""success_threshold"": 99}"
320,"{""upi_id"": ""4321098765@paytm"", ""fixed_deposit_linked"": true}"
321,"{""city"": ""Nainital"", ""lake_city"": true}"
322,"{""phone"": ""7345678901"", ""volte_enabled"": true}"
323,"{""first_name"": ""Rajat"", ""investment_portfolio"": ""balanced""}"
324,"{""name"": ""Shah Rukh Khan"", ""address"": ""123 Mannat, Mumbai, 400050"", ""email"": ""srk@kingkhan.in""}"
325,"{""argo_cd"": ""v2.4.0"", ""applications"": 15}"
326,"{""passport"": ""A7531864"", ""fast_track_eligible"": true}"
327,"{""last_name"": ""Verma"", ""social_media"": ""LinkedIn""}"
328,"{""order_id"": ""ORD123456"", ""product_category"": ""Electronics"", ""status"": ""delivered""}"
329,"{""transaction_id"": ""TXN789012"", ""payment_method"": ""credit_card"", ""amount"": 15000}"
330,"{""product_sku"": ""SKU456789"", ""brand"": ""Samsung"", ""rating"": 4.5}"
331,"{""campaign_id"": ""CAM123"", ""click_rate"": 0.045, ""conversion"": 0.12}"
332,"{""session_id"": ""SESS456"", ""page_views"": 8, ""bounce_rate"": 0.25}"
333,"{""warehouse_code"": ""WH001"", ""inventory_level"": 150, ""reorder_point"": 50}"
334,"{""coupon_code"": ""SAVE20"", ""discount_percentage"": 20, ""usage_limit"": 1000}"
335,"{""api_key"": ""API789"", ""requests_per_minute"": 500, ""quota_exceeded"": false}"
336,"{""batch_id"": ""BATCH123"", ""processed_records"": 50000, ""error_count"": 12}"
337,"{""log_entry"": ""INFO"", ""timestamp"": ""2024-01-20T10:30:00Z"", ""module"": ""payment_service""}"
338,"{""metric_name"": ""response_time"", ""value"": 120, ""unit"": ""milliseconds""}"
339,"{""feature_flag"": ""new_checkout"", ""enabled"": true, ""rollout_percentage"": 50}"
340,"{""service_name"": ""user_service"", ""version"": ""v2.1.0"", ""health_status"": ""healthy""}"
341,"{""database_name"": ""primary"", ""connection_pool"": 20, ""active_connections"": 15}"
342,"{""queue_name"": ""order_processing"", ""message_count"": 245, ""consumers"": 3}"
343,"{""cache_key"": ""user_profile_123"", ""ttl"": 3600, ""hit_ratio"": 0.85}"
344,"{""deployment_id"": ""DEP456"", ""environment"": ""production"", ""rollback_available"": true}"
345,"{""alert_id"": ""ALT789"", ""severity"": ""warning"", ""acknowledged"": false}"
346,"{""backup_id"": ""BAK123"", ""size"": ""2.5GB"", ""verification"": ""passed""}"
347,"{""test_suite"": ""integration_tests"", ""passed"": 145, ""failed"": 3}"
348,"{""build_number"": ""BUILD789"", ""commit_hash"": ""abc123def"", ""deployment_time"": ""2024-01-20T14:25:00Z""}"
349,"{""region"": ""ap-south-1"", ""availability_zone"": ""ap-south-1a"", ""instance_type"": ""t3.medium""}"
350,"{""security_scan"": ""vulnerability_assessment"", ""high_risk"": 0, ""medium_risk"": 2}"
351,"{""load_balancer"": ""ALB"", ""target_groups"": 2, ""healthy_targets"": 6}"
352,"{""cdn_provider"": ""CloudFront"", ""cache_hit_ratio"": 0.92, ""origin_requests"": 1500}"
353,"{""ssl_certificate"": ""wildcard"", ""issuer"": ""Let's Encrypt"", ""expiry"": ""2024-12-31""}"
354,"{""monitoring_dashboard"": ""system_overview"", ""widgets"": 12, ""refresh_interval"": 30}"
355,"{""compliance_check"": ""gdpr"", ""status"": ""compliant"", ""last_audit"": ""2024-01-01""}"
356,"{""machine_learning_model"": ""recommendation_engine"", ""accuracy"": 0.89, ""training_data"": ""1M_samples""}"
357,"{""data_pipeline"": ""etl_daily"", ""source"": ""mongodb"", ""destination"": ""data_warehouse""}"
358,"{""kubernetes_pod"": ""api-deployment-abc123"", ""cpu_usage"": ""65%"", ""memory_usage"": ""512MB""}"
359,"{""docker_image"": ""app:v1.2.3"", ""size"": ""150MB"", ""layers"": 8}"
360,"{""git_branch"": ""feature/new-ui"", ""commits_ahead"": 5, ""merge_conflicts"": false}"
361,"{""network_interface"": ""eth0"", ""bytes_in"": 1048576, ""bytes_out"": 524288}"
362,"{""file_system"": ""/dev/sda1"", ""total_space"": ""100GB"", ""free_space"": ""25GB""}"
363,"{""process_id"": ""12345"", ""cpu_time"": ""2.5s"", ""memory_usage"": ""256MB""}"
364,"{""thread_pool"": ""worker_threads"", ""active_threads"": 8, ""queue_size"": 15}"
365,"{""garbage_collection"": ""G1GC"", ""pause_time"": ""10ms"", ""frequency"": ""every_30s""}"
366,"{""connection_string"": ""postgresql://localhost:5432/app_db"", ""max_connections"": 100, ""current_connections"": 45}"
367,"{""search_index"": ""products_v2"", ""document_count"": 1000000, ""size"": ""2.1GB""}"
368,"{""message_broker"": ""RabbitMQ"", ""exchange_type"": ""topic"", ""routing_key"": ""order.created""}"
369,"{""streaming_platform"": ""Apache Kafka"", ""partition_count"": 12, ""replication_factor"": 3}"
370,"{""container_orchestrator"": ""Kubernetes"", ""namespace"": ""production"", ""pod_count"": 25}"
371,"{""microservice_architecture"": ""event_driven"", ""service_count"": 15, ""communication"": ""async""}"
372,"{""api_gateway"": ""Kong"", ""rate_limiting"": ""1000_rpm"", ""authentication"": ""JWT""}"
373,"{""service_mesh"": ""Istio"", ""sidecar_proxy"": ""Envoy"", ""mTLS_enabled"": true}"
374,"{""observability_stack"": ""ELK"", ""log_retention"": ""30_days"", ""alert_rules"": 25}"
375,"{""aadhar"": ""789023456781"", ""address_verification"": ""completed"", ""timestamp"": ""2024-01-20T09:15:00Z""}"
376,"{""name"": ""Arjun Kapoor"", ""email"": ""arjun.kapoor@film.in"", ""address"": ""456 Film City Road, Mumbai, 400059""}"
377,"{""phone"": ""9876543210"", ""carrier_name"": ""Airtel"", ""plan_type"": ""postpaid""}"
378,"{""upi_id"": ""arjun123@paytm"", ""linked_bank"": ""HDFC Bank"", ""kyc_status"": ""verified""}"
379,"{""passport"": ""P9876543"", ""issue_place"": ""Mumbai"", ""validity"": ""10_years""}"
380,"{""name"": ""Sonam Gupta"", ""phone"": ""8765432109"", ""email"": ""sonam@personal.in"", ""device_type"": ""Android""}"
381,"{""aadhar"": ""890134567890"", ""biometric_status"": ""locked"", ""unlock_required"": true}"
382,"{""name"": ""Vikash Singh"", ""address"": ""789 Sector 18, Noida, 201301"", ""ip_address"": ""203.88.156.72""}"
383,"{""phone"": ""7654321098"", ""international_code"": ""+91"", ""verified"": true}"
384,"{""upi_id"": ""vikash@okaxis"", ""transaction_pin"": ""set"", ""daily_limit"": 100000}"
385,"{""passport"": ""L1234567"", ""photo_updated"": ""2024-01-15"", ""pages_left"": 32}"
386,"{""name"": ""Meera Sharma"", ""email"": ""meera.sharma@office.com"", ""department"": ""HR""}"
387,"{""aadhar"": ""901245678901"", ""mobile_verification"": ""pending"", ""otp_sent"": true}"
388,"{""name"": ""Rohit Shetty"", ""address"": ""123 Andheri West, Mumbai, 400053"", ""phone"": ""8901234567""}"
389,"{""phone"": ""6789012345"", ""sms_service"": ""enabled"", ""promotional_consent"": false}"
390,"{""upi_id"": ""rohit789@ybl"", ""beneficiary_limit"": 20, ""recent_transaction"": ""2024-01-20""}"
391,"{""passport"": ""A8765432"", ""emergency_contact_name"": ""Priya Shetty"", ""relationship"": ""spouse""}"
392,"{""name"": ""Kavya Madhavan"", ""email"": ""kavya@actress.in"", ""ip_address"": ""117.196.152.38""}"
393,"{""aadhar"": ""012356789012"", ""demographic_auth"": ""success"", ""attempt_count"": 1}"
394,"{""name"": ""Ajay Devgan"", ""address"": ""567 Juhu Scheme, Mumbai, 400049"", ""email"": ""ajay@action.com""}"
395,"{""phone"": ""9234567801"", ""call_log_consent"": true, ""privacy_setting"": ""medium""}"
396,"{""upi_id"": ""ajay@icici"", ""merchant_payments"": 15, ""last_settlement"": ""2024-01-19""}"
397,"{""passport"": ""H9876543"", ""visa_pages"": 8, ""endorsement_pages"": 2}"
398,"{""name"": ""Tabu Khan"", ""phone"": ""8123456789"", ""email"": ""tabu@versatile.in""}"
399,"{""aadhar"": ""123467890123"", ""bank_seeding"": ""completed"", ""subsidy_linked"": true}"
400,"{""name"": ""Nawazuddin Siddiqui"", ""address"": ""890 Versova Link Road, Mumbai, 400061"", ""ip_address"": ""59.144.203.147""}"
401,"{""phone"": ""7890123456"", ""roaming_activated"": true, ""international_plan"": ""active""}"
402,"{""upi_id"": ""nawaz@sbi"", ""family_account"": true, ""members_linked"": 4}"
403,"{""passport"": ""T5678901"", ""chip_technology"": ""enabled"", ""security_features"": ""enhanced""}"
404,"{""name"": ""Konkona Sen"", ""email"": ""konkona@independent.in"", ""device_id"": ""IPHONE789""}"
405,"{""aadhar"": ""234578901234"", ""disability_flag"": false, ""senior_citizen"": false}"
406,"{""name"": ""Irrfan Khan"", ""address"": ""234 Hill Road, Mumbai, 400050"", ""phone"": ""6901234578""}"
407,"{""phone"": ""9567801234"", ""caller_tune"": ""enabled"", ""ringback_tone"": ""bollywood_classic""}"
408,"{""upi_id"": ""irrfan@phonepe"", ""insurance_premium"": ""auto_debit"", ""policy_linked"": true}"
409,"{""passport"": ""K8765432"", ""place_of_birth"": ""Mumbai"", ""spouse_name"": ""Sutapa Sikdar""}"
410,"{""name"": ""Pankaj Tripathi"", ""email"": ""pankaj@character.in"", ""ip_address"": ""14.139.78.92""}"
411,"{""aadhar"": ""345689012345"", ""rural_address"": false, ""urban_classification"": true}"
412,"{""name"": ""Radhika Apte"", ""address"": ""678 Linking Road, Mumbai, 400054"", ""email"": ""radhika@bold.com""}"
413,"{""phone"": ""8456789012"", ""missed_call_alert"": true, ""call_waiting"": ""enabled""}"
414,"{""upi_id"": ""radhika@unionbank"", ""loan_emi"": ""auto_pay"", ""next_due"": ""2024-02-01""}"
415,"{""passport"": ""R2345678"", ""frequent_traveler"": true, ""miles_accumulated"": 50000}"
416,"{""name"": ""Ayushmann Khurrana"", ""phone"": ""7345678901"", ""email"": ""ayushmann@versatile.in""}"
417,"{""aadhar"": ""456790123456"", ""health_id"": ""linked"", ""vaccination_status"": ""fully_vaccinated""}"
418,"{""name"": ""Bhumi Pednekar"", ""address"": ""789 Khar West, Mumbai, 400052"", ""ip_address"": ""122.161.94.205""}"
419,"{""phone"": ""9678901234"", ""network_type"": ""4G"", ""data_usage"": ""15GB_monthly""}"
420,"{""upi_id"": ""bhumi@kotak"", ""savings_goal"": ""home_purchase"", ""target_amount"": 5000000}"
421,"{""passport"": ""S9012345"", ""digital_copy"": ""available"", ""qr_code"": ""generated""}"
422,"{""name"": ""Rajkummar Rao"", ""email"": ""rajkummar@method.in"", ""device_type"": ""Samsung""}"
423,"{""aadhar"": ""567801234567"", ""aadhaar_pay"": ""enabled"", ""micro_atm"": ""registered""}"
424,"{""name"": ""Kriti Sanon"", ""address"": ""123 Versova, Mumbai, 400061"", ""phone"": ""8789012345""}"
425,"{""phone"": ""6789012345"", ""backup_sim"": ""inactive"", ""primary_number"": true}"
426,"{""upi_id"": ""kriti@yesbank"", ""credit_score_check"": ""monthly"", ""current_score"": 785}"
427,"{""passport"": ""C6789012"", ""biometric_data"": ""encrypted"", ""facial_recognition"": true}"
428,"{""name"": ""Kartik Aaryan"", ""email"": ""kartik@comedy.in"", ""ip_address"": ""203.192.168.74""}"
429,"{""aadhar"": ""678912345678"", ""consent_manager"": ""registered"", ""data_sharing"": ""limited""}"
430,"{""name"": ""Ananya Panday"", ""address"": ""456 Bandra Bandstand, Mumbai, 400050"", ""email"": ""ananya@gen_z.com""}"
431,"{""phone"": ""7890123456"", ""video_calling"": true, ""screen_sharing"": ""enabled""}"
432,"{""upi_id"": ""ananya@hdfcbank"", ""student_account"": true, ""education_loan"": ""linked""}"
433,"{""passport"": ""N3456789"", ""minor_passport"": false, ""guardian_details"": ""not_applicable""}"
434,"{""name"": ""Tiger Shroff"", ""phone"": ""8901234567"", ""email"": ""tiger@action.in""}"
435,"{""aadhar"": ""789023456789"", ""fitness_tracker"": ""linked"", ""health_records"": ""digital""}"
436,"{""name"": ""Disha Patani"", ""address"": ""789 Khar Road, Mumbai, 400052"", ""ip_address"": ""117.196.187.56""}"
437,"{""phone"": ""9012345678"", ""ai_assistant"": ""enabled"", ""voice_recognition"": true}"
438,"{""upi_id"": ""disha@axis"", ""fashion_expenses"": ""tracked"", ""budget_alert"": true}"
439,"{""passport"": ""D7890123"", ""travel_insurance"": ""comprehensive"", ""coverage"": ""worldwide""}"
440,"{""name"": ""Vicky Kaushal"", ""email"": ""vicky@intense.in"", ""device_id"": ""ONEPLUS123""}"
441,"{""aadhar"": ""890134567890"", ""military_service"": ""eligible"", ""ncc_certificate"": true}"
442,"{""name"": ""Kiara Advani"", ""address"": ""321 Juhu Tara Road, Mumbai, 400049"", ""phone"": ""7123456890""}"
443,"{""phone"": ""8234567890"", ""conference_call"": ""premium"", ""participants_limit"": 50}"
444,"{""upi_id"": ""kiara@indianbank"", ""jewelry_insurance"": ""active"", ""premium"": ""monthly""}"
445,"{""passport"": ""V4567890"", ""diplomatic_immunity"": false, ""official_travel"": ""business""}"
446,"{""name"": ""Sidharth Malhotra"", ""email"": ""sidharth@romantic.in"", ""ip_address"": ""59.144.219.83""}"
447,"{""aadhar"": ""901245678901"", ""property_registration"": ""linked"", ""stamp_duty"": ""paid""}"
448,"{""name"": ""Shraddha Kapoor"", ""address"": ""654 Lokhandwala, Mumbai, 400053"", ""email"": ""shraddha@melodious.com""}"
449,"{""phone"": ""9345678012"", ""music_streaming"": ""premium"", ""offline_downloads"": 500}"
450,"{""upi_id"": ""shraddha@pnb"", ""concert_tickets"": ""auto_book"", ""artist_alerts"": true}"
451,"{""passport"": ""U8901234"", ""artist_visa"": ""multi_entry"", ""performance_permit"": true}"
452,"{""name"": ""Varun Sharma"", ""phone"": ""8456789012"", ""email"": ""varun@comedy.in""}"
453,"{""aadhar"": ""012356789012"", ""comedy_club"": ""member"", ""performance_rights"": ""registered""}"
454,"{""name"": ""Janhvi Kapoor"", ""address"": ""987 Lokhandwala Complex, Mumbai, 400053"", ""ip_address"": ""203.88.194.127""}"
455,"{""phone"": ""7567890123"", ""fashion_alerts"": true, ""brand_notifications"": ""selective""}"
456,"{""upi_id"": ""janhvi@canara"", ""designer_payments"": ""frequent"", ""luxury_limit"": 1000000}"
457,"{""passport"": ""F5678901"", ""fashion_week"": ""participant"", ""designer_collaboration"": true}"
458,"{""name"": ""Arjun Reddy"", ""email"": ""arjun@intense.in"", ""device_type"": ""OnePlus""}"
459,"{""aadhar"": ""123467890123"", ""medical_college"": ""alumni"", ""practicing_license"": ""valid""}"
460,"{""name"": ""Rashmika Mandanna"", ""address"": ""234 Banjara Hills, Hyderabad, 500034"", ""phone"": ""9678901234""}"
461,"{""phone"": ""6890123456"", ""regional_content"": ""Telugu"", ""dubbing_preference"": ""original""}"
462,"{""upi_id"": ""rashmika@sbi"", ""south_cinema"": ""promotions"", ""fan_engagement"": ""high""}"
463,"{""passport"": ""G6789012"", ""regional_cinema"": ""ambassador"", ""cultural_exchange"": true}"
464,"{""name"": ""Allu Arjun"", ""email"": ""allu@stylish.in"", ""ip_address"": ""14.139.89.156""}"
465,"{""aadhar"": ""234578901234"", ""dance_academy"": ""owner"", ""choreography_rights"": ""exclusive""}"
466,"{""name"": ""Samantha Akkineni"", ""address"": ""567 Film Nagar, Hyderabad, 500096"", ""email"": ""samantha@versatile.in""}"
467,"{""phone"": ""8901234567"", ""charity_work"": ""active"", ""foundation_calls"": ""priority""}"
468,"{""upi_id"": ""samantha@hdfc"", ""donation_auto"": ""monthly"", ""cause"": ""women_empowerment""}"
469,"{""passport"": ""I9012345"", ""humanitarian_visa"": ""active"", ""ngo_collaboration"": true}"
470,"{""name"": ""Ram Charan"", ""phone"": ""7234567890"", ""email"": ""ram@megastar.in""}"
471,"{""aadhar"": ""345689012345"", ""horse_racing"": ""license"", ""stable_owner"": true}"
472,"{""name"": ""Jr NTR"", ""address"": ""890 Jubilee Hills, Hyderabad, 500033"", ""ip_address"": ""122.161.178.94""}"
473,"{""phone"": ""8345678901"", ""political_updates"": ""subscribed"", ""rally_notifications"": true}"
474,"{""upi_id"": ""ntr@andhra"", ""political_donations"": ""transparent"", ""party_fund"": ""contributor""}"
475,"{""passport"": ""J0123456"", ""political_visa"": ""diplomatic"", ""state_visits"": ""official""}"
476,"{""name"": ""Mahesh Babu"", ""email"": ""mahesh@superstar.in"", ""device_id"": ""PRINCE123""}"
477,"{""aadhar"": ""456790123456"", ""production_house"": ""owner"", ""film_financing"": ""independent""}"
478,"{""name"": ""Prabhas Raju"", ""address"": ""123 Banjara Hills, Hyderabad, 500034"", ""phone"": ""9456789012""}"
479,"{""phone"": ""7678901234"", ""pan_india"": ""stardom"", ""multilingual_alerts"": true}"
480,"{""upi_id"": ""prabhas@federal"", ""movie_budget"": ""international"", ""currency"": ""multi""}"
481,"{""passport"": ""B3456789"", ""international_filming"": ""permitted"", ""visa_facilitation"": true}"
482,"{""name"": ""Rana Daggubati"", ""email"": ""rana@versatile.in"", ""ip_address"": ""203.192.147.29""}"
483,"{""aadhar"": ""567801234567"", ""visual_effects"": ""studio_owner"", ""technology_innovator"": true}"
484,"{""name"": ""Anushka Shetty"", ""address"": ""456 Filmnagar, Hyderabad, 500096"", ""email"": ""anushka@baahubali.in""}"
485,"{""phone"": ""8567890123"", ""fitness_regime"": ""strict"", ""trainer_calls"": ""daily""}"
486,"{""upi_id"": ""anushka@karnataka"", ""fitness_equipment"": ""premium"", ""health_monitoring"": ""advanced""}"
487,"{""passport"": ""E4567890"", ""fitness_travel"": ""wellness"", ""spa_treatments"": ""international""}"
488,"{""name"": ""Tamannaah Bhatia"", ""phone"": ""9789012345"", ""email"": ""tamannah@glamorous.in""}"
489,"{""aadhar"": ""678912345678"", ""brand_ambassador"": ""multiple"", ""endorsement_value"": ""premium""}"
490,"{""name"": ""Kajal Aggarwal"", ""address"": ""789 Banjara Hills, Hyderabad, 500034"", ""ip_address"": ""117.196.203.81""}"
491,"{""phone"": ""6123456789"", ""punjabi_connection"": ""cultural"", ""regional_films"": ""multilingual""}"
492,"{""upi_id"": ""kajal@punjab"", ""cultural_events"": ""sponsor"", ""heritage_preservation"": ""donor""}"
493,"{""passport"": ""L7890123"", ""cultural_ambassador"": ""official"", ""international_events"": ""participant""}"
494,"{""name"": ""Rakul Preet Singh"", ""email"": ""rakul@fitness.in"", ""device_type"": ""iPhone_Pro""}"
495,"{""aadhar"": ""789023456789"", ""fitness_influencer"": ""certified"", ""wellness_brand"": ""founder""}"
496,"{""name"": ""Pooja Hegde"", ""address"": ""321 Film City, Hyderabad, 500096"", ""phone"": ""8234567890""}"
497,"{""phone"": ""7890123456"", ""dance_choreography"": ""skilled"", ""performance_rights"": ""exclusive""}"
498,"{""upi_id"": ""pooja@maharashtra"", ""dance_academy"": ""investment"", ""cultural_promotion"": ""active""}"
499,"{""passport"": ""M8901234"", ""dance_festivals"": ""judge"", ""international_recognition"": true}"
500,"{""name"": ""Regina Cassandra"", ""email"": ""regina@multilingual.in"", ""ip_address"": ""59.144.238.195""}"