record_id,redacted_data_json,is_pii
1,"{""customer_id"": ""CUST001"", ""phone"": ""98XXXXXX10"", ""order_value"": 1299}",True
2,"{""name"": ""RXXXXX KXXXX"", ""email"": ""raXXXXXXXXXX@email.com"", ""city"": ""Mumbai""}",True
3,"{""first_name"": ""Priya"", ""product"": ""iPhone 14"", ""category"": ""Electronics""}",False
4,"{""aadhar"": ""34XXXXXX12"", ""transaction_type"": ""purchase""}",True
5,"{""email"": ""stXXXXXXXX@email.com"", ""product_id"": ""PROD123""}",True
6,"{""name"": ""AXXX SXXXX"", ""address"": ""[REDACTED_ADDRESS]"", ""ip_address"": ""[REDACTED_IP]""}",True
7,"{""city"": ""Delhi"", ""pin_code"": ""110001"", ""product_category"": ""Fashion""}",False
8,"{""upi_id"": ""usXXXXX@paytm"", ""amount"": 500}",True
9,"{""last_name"": ""Sharma"", ""order_id"": ""ORD789456""}",False
10,"{""passport"": ""PXXX4567"", ""booking_reference"": ""BK123""}",True
11,"{""device_id"": ""DEV456789"", ""app_version"": ""2.1.4""}",False
12,"{""name"": ""SXXXX PXXXX"", ""email"": ""snXXXXXXXXX@gmail.com"", ""device_id"": ""[REDACTED_DEVICE_ID]""}",True
13,"{""transaction_id"": ""TXN987654"", ""amount"": 2500, ""status"": ""completed""}",False
14,"{""phone"": ""87XXXXXX09"", ""order_date"": ""2024-01-15""}",True
15,"{""state"": ""Maharashtra"", ""product_name"": ""Laptop Bag""}",False
16,"{""name"": ""VXXXXX RXXXX"", ""address"": ""[REDACTED_ADDRESS]"", ""email"": ""viXXXX@company.com""}",True
17,"{""first_name"": ""Anita"", ""last_name_initial"": ""K"", ""age"": 28}",False
18,"{""aadhar"": ""76XXXXXX98"", ""verification_status"": ""verified""}",True
19,"{""email"": ""cuXXXXXX@service.com"", ""query_type"": ""refund""}",True
20,"{""upi_id"": ""91XXXXXXXX@ybl"", ""merchant"": ""Flipkart""}",True
21,"{""product_description"": ""Samsung Galaxy S23"", ""price"": 65000}",False
22,"{""name"": ""DXXXXXX AXXXXXX"", ""phone"": ""78XXXXXX56"", ""email"": ""deXXXXX@email.com""}",True
23,"{""pin_code"": ""400001"", ""delivery_date"": ""2024-02-10""}",False
24,"{""passport"": ""MXXX6543"", ""travel_date"": ""2024-03-15""}",True
25,"{""customer_segment"": ""Premium"", ""loyalty_points"": 1500}",False
26,"{""name"": ""RXXX GXXXX"", ""address"": ""[REDACTED_ADDRESS]"", ""ip_address"": ""[REDACTED_IP]""}",True
27,"{""order_type"": ""Express"", ""shipping_method"": ""same_day""}",False
28,"{""phone"": ""67XXXXXX45"", ""sms_consent"": true}",True
29,"{""username"": ""techguru"", ""last_login"": ""2024-01-20""}",False
30,"{""aadhar"": ""67XXXXXX45"", ""kyc_status"": ""pending""}",True
31,"{""category"": ""Books"", ""author"": ""Chetan Bhagat""}",False
32,"{""name"": ""MXXXX JXXXX"", ""email"": ""meXXXXX@workplace.com"", ""device_type"": ""Android""}",True
33,"{""session_id"": ""SESS789123"", ""duration"": ""45 minutes""}",False
34,"{""upi_id"": ""meXXXXXX@okaxis"", ""payment_method"": ""UPI""}",True
35,"{""region"": ""North India"", ""warehouse_code"": ""WH001""}",False
36,"{""name"": ""AXXXX MXXXXXXX"", ""address"": ""[REDACTED_ADDRESS]"", ""phone"": ""90XXXXXX78""}",True
37,"{""subscription_type"": ""Premium"", ""renewal_date"": ""2024-06-15""}",False
38,"{""passport"": ""LXXX8901"", ""country"": ""India""}",True
39,"{""first_name"": ""Kavya"", ""gender"": ""Female"", ""age_group"": ""25-35""}",False
40,"{""aadhar"": ""45XXXXXX23"", ""bank_verification"": ""success""}",True
41,"{""brand"": ""Nike"", ""model"": ""Air Max"", ""size"": ""9""}",False
42,"{""name"": ""SXXXXXXXX NXXX"", ""email"": ""siXXXXXX@tech.com"", ""ip_address"": ""[REDACTED_IP]""}",True
43,"{""currency"": ""INR"", ""exchange_rate"": 83.25}",False
44,"{""phone"": ""89XXXXXX67"", ""notification_preference"": ""SMS""}",True
45,"{""product_rating"": 4.5, ""review_count"": 150}",False
46,"{""upi_id"": ""faXXXXXXXXXXX@ibl"", ""family_size"": 4}",True
47,"{""zip_code"": ""560001"", ""delivery_zone"": ""Zone_A""}",False
48,"{""name"": ""PXXXX DXXXX"", ""address"": ""[REDACTED_ADDRESS]"", ""email"": ""poXXXXXXXXX@email.in""}",True
49,"{""app_name"": ""Flipkart"", ""version"": ""8.21.0""}",False
50,"{""passport"": ""KXXX7902"", ""issue_date"": ""2020-05-10""}",True
51,"{""last_name"": ""Iyer"", ""profession"": ""Software Engineer""}",False
52,"{""aadhar"": ""56XXXXXX34"", ""address_proof"": ""verified""}",True
53,"{""email"": ""suXXXXX@flipkart.com"", ""ticket_id"": ""TICK456""}",True
54,"{""name"": ""RXXXX KXXXXXXX"", ""phone"": ""70XXXXXX89"", ""device_id"": ""[REDACTED_DEVICE_ID]""}",True
55,"{""search_query"": ""bluetooth headphones"", ""filters"": ""price,brand""}",False
56,"{""upi_id"": ""87XXXXXXXX@paytm"", ""auto_debit"": true}",True
57,"{""state_code"": ""MH"", ""gst_number"": ""27ABCDE1234F1Z5""}",False
58,"{""name"": ""LXXXXXX VXXXXX"", ""email"": ""laXXXXXXX@company.org"", ""address"": ""[REDACTED_ADDRESS]""}",True
59,"{""feature_flag"": ""new_checkout"", ""enabled"": true}",False
60,"{""phone"": ""93XXXXXX12"", ""otp_verification"": ""pending""}",True
61,"{""discount_code"": ""SAVE20"", ""validity"": ""2024-03-31""}",False
62,"{""passport"": ""AXXX6543"", ""nationality"": ""Indian""}",True
63,"{""first_name"": ""Rohan"", ""wishlist_count"": 15}",False
64,"{""aadhar"": ""78XXXXXX56"", ""biometric_status"": ""matched""}",True
65,"{""payment_gateway"": ""Razorpay"", ""transaction_fee"": 25}",False
66,"{""name"": ""NXXXX BXXXXX"", ""address"": ""[REDACTED_ADDRESS]"", ""ip_address"": ""[REDACTED_IP]""}",True
67,"{""inventory_id"": ""INV789"", ""stock_level"": 50}",False
68,"{""upi_id"": ""buXXXXXX@axisbank"", ""merchant_category"": ""retail""}",True
69,"{""city"": ""Hyderabad"", ""weather"": ""partly_cloudy""}",False
70,"{""phone"": ""84XXXXXX23"", ""call_preference"": ""evening""}",True
71,"{""coupon_code"": ""FIRST10"", ""usage_count"": 1}",False
72,"{""name"": ""KXXXXXX SXXXXXXXXXX"", ""email"": ""kaXXXXXXX@work.com"", ""device_type"": ""iOS""}",True
73,"{""logistics_partner"": ""BlueDart"", ""tracking_id"": ""BD123456789""}",False
74,"{""passport"": ""HXXX8013"", ""expiry_date"": ""2030-12-15""}",True
75,"{""age"": 32, ""income_bracket"": ""middle_class""}",False
76,"{""aadhar"": ""89XXXXXX67"", ""mobile_linked"": true}",True
77,"{""return_reason"": ""size_issue"", ""refund_amount"": 899}",False
78,"{""name"": ""DXXXX SXXXXX"", ""phone"": ""71XXXXXX90"", ""email"": ""diXXX@personal.com""}",True
79,"{""seller_id"": ""SELLER001"", ""rating"": 4.2}",False
80,"{""upi_id"": ""shXX@hdfcbank"", ""settlement_cycle"": ""T+2""}",True
81,"{""recommendation_type"": ""collaborative"", ""confidence"": 0.85}",False
82,"{""name"": ""MXXXXX AXXXXXX"", ""address"": ""[REDACTED_ADDRESS]"", ""email"": ""maXXXXXXX@email.com""}",True
83,"{""api_version"": ""v2.1"", ""response_time"": ""120ms""}",False
84,"{""phone"": ""95XXXXXX23"", ""language_preference"": ""Hindi""}",True
85,"{""last_name"": ""Reddy"", ""occupation"": ""Doctor""}",False
86,"{""passport"": ""TXXX1470"", ""visa_required"": false}",True
87,"{""affiliate_id"": ""AFF789"", ""commission_rate"": 5}",False
88,"{""aadhar"": ""90XXXXXX78"", ""ekyc_timestamp"": ""2024-01-15T10:30:00Z""}",True
89,"{""utm_source"": ""google"", ""campaign"": ""winter_sale""}",False
90,"{""name"": ""AXXXXX RXX"", ""email"": ""anXXXXXXXX@university.edu"", ""ip_address"": ""[REDACTED_IP]""}",True
91,"{""fraud_score"": 0.15, ""risk_level"": ""low""}",False
92,"{""upi_id"": ""78XXXXXXXX@ybl"", ""bank_name"": ""State Bank""}",True
93,"{""search_filter"": ""electronics"", ""sort_by"": ""price_low_to_high""}",False
94,"{""phone"": ""82XXXXXX90"", ""two_factor_auth"": true}",True
95,"{""first_name"": ""Arun"", ""cart_value"": 2500}",False
96,"{""name"": ""PXXXXX KXXXXXXX"", ""address"": ""[REDACTED_ADDRESS]"", ""phone"": ""67XXXXXX45""}",True
97,"{""machine_learning_model"": ""recommendation_v3"", ""accuracy"": 0.92}",False
98,"{""passport"": ""RXXX0852"", ""place_of_issue"": ""Mumbai""}",True
99,"{""city"": ""Bangalore"", ""traffic_condition"": ""moderate""}",False
100,"{""aadhar"": ""01XXXXXX89"", ""consent_given"": true}",True
101,"{""email"": ""neXXXXXXXX@flipkart.com"", ""unsubscribe_rate"": 0.02}",True
102,"{""name"": ""SXXXXX PXXXXX"", ""email"": ""suXXXXXXXXXXX@office.com"", ""device_id"": ""[REDACTED_DEVICE_ID]""}",True
103,"{""performance_metric"": ""page_load_time"", ""value"": ""2.1s""}",False
104,"{""upi_id"": ""quXXXXXX@kotak"", ""limit_daily"": 50000}",True
105,"{""last_name"": ""Gupta"", ""education"": ""MBA""}",False
106,"{""phone"": ""79XXXXXX67"", ""marketing_consent"": false}",True
107,"{""analytics_event"": ""product_view"", ""timestamp"": ""2024-01-20T14:22:33Z""}",False
108,"{""name"": ""RXXXXX JXXX"", ""address"": ""[REDACTED_ADDRESS]"", ""email"": ""raXXXX@workplace.in""}",True
109,"{""cache_hit_ratio"": 0.78, ""response_cached"": true}",False
110,"{""passport"": ""SXXX0741"", ""passport_type"": ""ordinary""}",True
111,"{""first_name"": ""Vivek"", ""subscription_status"": ""active""}",False
112,"{""aadhar"": ""12XXXXXX90"", ""demographic_verified"": true}",True
113,"{""a_b_test"": ""checkout_flow_v2"", ""variant"": ""B""}",False
114,"{""name"": ""KXXXXX MXXXX"", ""phone"": ""83XXXXXX01"", ""email"": ""kaXXXXXXXXXX@gmail.com""}",True
115,"{""geo_location"": ""1297XXXX5946"", ""accuracy"": ""10m""}",True
116,"{""upi_id"": ""65XXXXXXXX@paytm"", ""merchant_type"": ""individual""}",True
117,"{""database_query"": ""SELECT * FROM products"", ""execution_time"": ""45ms""}",False
118,"{""phone"": ""98XXXXXX10"", ""device_brand"": ""Samsung""}",True
119,"{""last_name"": ""Singh"", ""marital_status"": ""married""}",False
120,"{""name"": ""AXXXX PXXXXX"", ""address"": ""[REDACTED_ADDRESS]"", ""ip_address"": ""[REDACTED_IP]""}",True
121,"{""content_type"": ""application/json"", ""encoding"": ""utf-8""}",False
122,"{""passport"": ""QXXX7419"", ""biometric_enrolled"": true}",True
123,"{""city"": ""Coimbatore"", ""pincode"": ""641001""}",False
124,"{""aadhar"": ""23XXXXXX01"", ""otp_verified"": true}",True
125,"{""recommendation_engine"": ""neural_cf"", ""training_date"": ""2024-01-01""}",False
126,"{""name"": ""GXXXXX RXXXX"", ""email"": ""geXXXXXXXXXX@company.com"", ""device_type"": ""Desktop""}",True
127,"{""webhook_url"": ""https://api.example.com/webhook"", ""status"": ""active""}",False
128,"{""upi_id"": ""shXXXXXX@icici"", ""autopay_enabled"": false}",True
129,"{""first_name"": ""Mohit"", ""preferred_language"": ""English""}",False
130,"{""phone"": ""74XXXXXX12"", ""carrier"": ""Airtel""}",True
131,"{""inventory_turnover"": 4.2, ""stock_out_rate"": 0.08}",False
132,"{""name"": ""SXXXXX KXXXXX"", ""address"": ""[REDACTED_ADDRESS]"", ""phone"": ""80XXXXXX79""}",True
133,"{""service_level"": ""premium"", ""response_time_sla"": ""< 1 hour""}",False
134,"{""passport"": ""BXXX2583"", ""emergency_contact"": ""98XXXXXX10""}",True
135,"{""last_name"": ""Nair"", ""hobby"": ""photography""}",False
136,"{""aadhar"": ""34XXXXXX54"", ""photo_verification"": ""passed""}",True
137,"{""feature_toggle"": ""new_ui"", ""rollout_percentage"": 25}",False
138,"{""name"": ""HXXXXX KXXXX"", ""email"": ""haXXXXXXXXXX@tech.org"", ""ip_address"": ""[REDACTED_IP]""}",True
139,"{""data_pipeline"": ""etl_v2"", ""processed_records"": 1000000}",False
140,"{""upi_id"": ""54XXXXXXXX@ybl"", ""transaction_limit"": 100000}",True
141,"{""search_algorithm"": ""elasticsearch"", ""index_size"": ""2.5GB""}",False
142,"{""phone"": ""91XXXXXX89"", ""roaming_status"": false}",True
143,"{""city"": ""Kochi"", ""state"": ""Kerala""}",False
144,"{""name"": ""RXXXXX SXXXXX"", ""address"": ""[REDACTED_ADDRESS]"", ""email"": ""riXXXX@company.net""}",True
145,"{""microservice"": ""user_service"", ""health_status"": ""healthy""}",False
146,"{""passport"": ""NXXX5207"", ""pages_remaining"": 28}",True
147,"{""first_name"": ""Deepak"", ""loyalty_tier"": ""gold""}",False
148,"{""aadhar"": ""45XXXXXX65"", ""fingerprint_matched"": true}",True
149,"{""cdn_cache"": ""cloudflare"", ""hit_ratio"": 0.89}",False
150,"{""name"": ""PXXXXXXX CXXXXXXXX"", ""phone"": ""78XXXXXX56"", ""email"": ""prXXXXXXXX@personal.in""}",True
151,"{""log_level"": ""INFO"", ""message"": ""Transaction completed successfully""}",False
152,"{""upi_id"": ""faXXXX@sbi"", ""beneficiary_count"": 3}",True
153,"{""machine_id"": ""ML789"", ""cpu_utilization"": 65}",False
154,"{""phone"": ""85XXXXXX23"", ""do_not_disturb"": true}",True
155,"{""last_name"": ""Mishra"", ""department"": ""Engineering""}",False
156,"{""name"": ""AXXXX BXXXX"", ""address"": ""[REDACTED_ADDRESS]"", ""ip_address"": ""[REDACTED_IP]""}",True
157,"{""kubernetes_pod"": ""api-server-v2"", ""replicas"": 3}",False
158,"{""passport"": ""GXXX8529"", ""sponsor_required"": false}",True
159,"{""city"": ""Indore"", ""region"": ""Central India""}",False
160,"{""aadhar"": ""56XXXXXX76"", ""iris_scan"": ""verified""}",True
161,"{""email"": ""adXXX@system.com"", ""role"": ""system_admin""}",True
162,"{""name"": ""SXXXXX JXXXX"", ""email"": ""saXXXXXXXXXX@workplace.com"", ""device_id"": ""[REDACTED_DEVICE_ID]""}",True
163,"{""ssl_certificate"": ""valid"", ""expiry"": ""2024-12-31""}",False
164,"{""upi_id"": ""43XXXXXXXX@okaxis"", ""insurance_linked"": true}",True
165,"{""first_name"": ""Neha"", ""age_verification"": ""completed""}",False
166,"{""phone"": ""92XXXXXX90"", ""backup_number"": ""87XXXXXX09""}",True
167,"{""monitoring_alert"": ""high_memory_usage"", ""threshold_exceeded"": true}",False
168,"{""name"": ""VXXXXX AXXXXXX"", ""address"": ""[REDACTED_ADDRESS]"", ""phone"": ""73XXXXXX01""}",True
169,"{""load_balancer"": ""nginx"", ""upstream_servers"": 4}",False
170,"{""passport"": ""FXXX1963"", ""travel_history"": ""USA,UAE,UK""}",True
171,"{""last_name"": ""Patel"", ""blood_group"": ""O+""}",False
172,"{""aadhar"": ""4567XXXX0987"", ""document_uploaded"": 2024-01-15""}""",True
173,"{""api_rate_limit"": 1000, ""current_usage"": 245}",False
174,"{""name"": ""AXXXXX VXXXX"", ""email"": ""anXXXXXXXXXX@office.in"", ""ip_address"": ""[REDACTED_IP]""}",True
175,"{""database_connection"": ""mysql"", ""pool_size"": 20}",False
176,"{""upi_id"": ""waXXXX@phonepe"", ""balance_inquiry"": true}",True
177,"{""city"": ""Nagpur"", ""timezone"": ""Asia/Kolkata""}",False
178,"{""phone"": ""89XXXXXX67"", ""international_roaming"": false}",True
179,"{""first_name"": ""Rakesh"", ""credit_score"": 750}",False
180,"{""name"": ""SXXXXX DXXX"", ""address"": ""[REDACTED_ADDRESS]"", ""email"": ""suXXXXXXXXX@email.org""}",True
181,"{""message_queue"": ""rabbitmq"", ""queue_depth"": 150}",False
182,"{""passport"": ""VXXX1470"", ""diplomatic_status"": false}",True
183,"{""last_name"": ""Yadav"", ""experience"": ""5 years""}",False
184,"{""aadhar"": ""5678XXXX1098"", ""address_change_request"": pending""}""",True
185,"{""security_scan"": ""passed"", ""vulnerabilities_found"": 0}",False
186,"{""name"": ""RXXX SXXXX"", ""phone"": ""67XXXXXX45"", ""email"": ""riXXXXXXXX@company.com""}",True
187,"{""container_registry"": ""docker_hub"", ""image_version"": ""v1.2.3""}",False
188,"{""upi_id"": ""32XXXXXXXX@paytm"", ""pin_change_required"": false}",True
189,"{""city"": ""Chandigarh"", ""weather_forecast"": ""sunny""}",False
190,"{""phone"": ""76XXXXXX34"", ""fiber_connection"": true}",True
191,"{""first_name"": ""Manoj"", ""vehicle_type"": ""sedan""}",False
192,"{""name"": ""KXXXXXX RXXXX"", ""address"": ""[REDACTED_ADDRESS]"", ""ip_address"": ""[REDACTED_IP]""}",True
193,"{""elastic_search"": ""cluster_healthy"", ""nodes"": 5}",False
194,"{""passport"": ""JXXX7410"", ""minor_dependent"": false}",True
195,"{""last_name"": ""Jain"", ""dietary_preference"": ""vegetarian""}",False
196,"{""aadhar"": ""89XXXXXX09"", ""family_head"": true}",True
197,"{""prometheus_metric"": ""http_requests_total"", ""value"": 50000}",False
198,"{""name"": ""AXXXXXXX TXXXXX"", ""email"": ""abXXXXXXXXXXXXX@work.com"", ""device_type"": ""Mobile""}",True
199,"{""grafana_dashboard"": ""system_overview"", ""panels"": 12}",False
200,"{""upi_id"": ""saXXXXX@unionbank"", ""interest_rate"": 3.5}",True
201,"{""city"": ""Bhopal"", ""air_quality"": ""moderate""}",False
202,"{""phone"": ""90XXXXXX78"", ""plan_type"": ""postpaid""}",True
203,"{""first_name"": ""Shalini"", ""favorite_color"": ""blue""}",False
204,"{""name"": ""RXXXX MXXXXXXX"", ""address"": ""[REDACTED_ADDRESS]"", ""phone"": ""81XXXXXX90""}",True
205,"{""jenkins_build"": ""successful"", ""build_number"": 156}",False
206,"{""passport"": ""CXXX2581"", ""renewal_due"": 2025-06-15""}""",True
207,"{""last_name"": ""Chopra"", ""shoe_size"": 9}",False
208,"{""aadhar"": ""90XXXXXX10"", ""nomination_updated"": true}",True
209,"{""terraform_state"": ""applied"", ""resources"": 23}",False
210,"{""name"": ""SXXXXX SXXXXX"", ""email"": ""shXXXXXXXXXXX@personal.com"", ""ip_address"": ""[REDACTED_IP]""}",True
211,"{""ansible_playbook"": ""deploy_app"", ""tasks"": 15}",False
212,"{""upi_id"": ""21XXXXXXXX@ybl"", ""kyc_level"": ""full""}",True
213,"{""city"": ""Vadodara"", ""population"": 1670000}",False
214,"{""phone"": ""84XXXXXX12"", ""signal_strength"": ""-65dBm""}",True
215,"{""first_name"": ""Gaurav"", ""t_shirt_size"": ""L""}",False
216,"{""name"": ""MXXXXXX DXXXX"", ""address"": ""[REDACTED_ADDRESS]"", ""email"": ""maXXXXX@bollywood.com""}",True
217,"{""docker_compose"": ""version_3"", ""services"": 8}",False
218,"{""passport"": ""IXXX7532"", ""blood_type"": ""A+""}",True
219,"{""last_name"": ""Bansal"", ""coffee_preference"": ""cappuccino""}",False
220,"{""aadhar"": ""01XXXXXX21"", ""senior_citizen"": false}",True
221,"{""nagios_check"": ""ok"", ""last_check"": ""2024-01-20T15:30:00Z""}",False
222,"{""name"": ""NXXXXX SXXXXX"", ""phone"": ""72XXXXXX90"", ""email"": ""niXXXXXXXXXXX@tech.in""}",True
223,"{""zabbix_host"": ""web_server_01"", ""status"": ""monitored""}",False
224,"{""upi_id"": ""buXXXXXX@yesbank"", ""gst_registered"": true}",True
225,"{""city"": ""Surat"", ""textile_hub"": true}",False
226,"{""phone"": ""93XXXXXX12"", ""voicemail_enabled"": false}",True
227,"{""first_name"": ""Pooja"", ""pet_name"": ""Bruno""}",False
228,"{""name"": ""KXXXX KXXXX"", ""address"": ""[REDACTED_ADDRESS]"", ""ip_address"": ""[REDACTED_IP]""}",True
229,"{""splunk_index"": ""main"", ""events_per_day"": 1000000}",False
230,"{""passport"": ""OXXX9637"", ""dual_citizenship"": false}",True
231,"{""last_name"": ""Agrawal"", ""music_preference"": ""classical""}",False
232,"{""aadhar"": ""12XXXXXX32"", ""disability_certificate"": false}",True
233,"{""elk_stack"": ""7.10.2"", ""log_retention"": ""30_days""}",False
234,"{""name"": ""SXXXX NXXXX"", ""email"": ""swXXXXXXXXX@university.ac.in"", ""device_id"": ""[REDACTED_DEVICE_ID]""}",True
235,"{""redis_cache"": ""cluster_mode"", ""memory_usage"": ""2.1GB""}",False
236,"{""upi_id"": ""10XXXXXXXX@paytm"", ""fraud_alert"": false}",True
237,"{""city"": ""Jodhpur"", ""heritage_site"": true}",False
238,"{""phone"": ""86XXXXXX34"", ""emergency_contact"": true}",True
239,"{""first_name"": ""Arpit"", ""gaming_preference"": ""FPS""}",False
240,"{""name"": ""GXXXX PXXXX"", ""address"": ""[REDACTED_ADDRESS]"", ""phone"": ""68XXXXXX57""}",True
241,"{""memcached"": ""1.6.9"", ""hit_ratio"": 0.84}",False
242,"{""passport"": ""UXXX4829"", ""organ_donor"": true}",True
243,"{""last_name"": ""Kulkarni"", ""sports_preference"": ""cricket""}",False
244,"{""aadhar"": ""23XXXXXX43"", ""pan_linked"": true}",True
245,"{""fluentd_buffer"": ""file"", ""buffer_size"": ""256MB""}",False
246,"{""name"": ""TXXXX GXXX"", ""email"": ""taXXXXXXXX@startup.io"", ""ip_address"": ""[REDACTED_IP]""}",True
247,"{""haproxy_backend"": ""app_servers"", ""active_servers"": 6}",False
248,"{""upi_id"": ""09XXXXXXXX@okaxis"", ""reward_points"": 2500}",True
249,"{""city"": ""Agra"", ""monument"": ""Taj Mahal""}",False
250,"{""phone"": ""77XXXXXX45"", ""data_plan"": ""unlimited""}",True
251,"{""first_name"": ""Shruti"", ""zodiac_sign"": ""Leo""}",False
252,"{""name"": ""VXXXX DXXXXX"", ""address"": ""[REDACTED_ADDRESS]"", ""email"": ""vaXXX@actor.com""}",True
253,"{""cassandra_cluster"": ""3_nodes"", ""replication_factor"": 3}",False
254,"{""passport"": ""ZXXX1470"", ""machine_readable"": true}",True
255,"{""last_name"": ""Sinha"", ""reading_habit"": ""fiction""}",False
256,"{""aadhar"": ""34XXXXXX32"", ""uan_linked"": true}",True
257,"{""neo4j_database"": ""graph_analytics"", ""node_count"": 50000}",False
258,"{""name"": ""RXXXXX DXXXXXXX"", ""phone"": ""98XXXXXX10"", ""email"": ""riXXXX@film.in""}",True
259,"{""apache_kafka"": ""2.8.0"", ""topics"": 25}",False
260,"{""upi_id"": ""98XXXXXXXX@ibl"", ""standing_instruction"": true}",True
261,"{""city"": ""Guwahati"", ""tea_capital"": true}",False
262,"{""phone"": ""61XXXXXX89"", ""hotspot_enabled"": true}",True
263,"{""first_name"": ""Tanvi"", ""dance_form"": ""bharatanatyam""}",False
264,"{""name"": ""SXXXXX TXXXXXXXX"", ""address"": ""[REDACTED_ADDRESS]"", ""ip_address"": ""[REDACTED_IP]""}",True
265,"{""airflow_dag"": ""data_pipeline"", ""schedule_interval"": ""@daily""}",False
266,"{""passport"": ""WXXX7413"", ""special_endorsement"": false}",True
267,"{""last_name"": ""Pandey"", ""cooking_skill"": ""intermediate""}",False
268,"{""aadhar"": ""45XXXXXX43"", ""ration_card_linked"": true}",True
269,"{""spark_cluster"": ""4_workers"", ""memory"": ""16GB""}",False
270,"{""name"": ""AXXX BXXXX"", ""email"": ""alXX@bollywood.in"", ""device_type"": ""iPhone""}",True
271,"{""hdfs_replication"": 3, ""block_size"": ""128MB""}",False
272,"{""upi_id"": ""87XXXXXXXX@ybl"", ""max_transaction_limit"": 200000}",True
273,"{""city"": ""Dehradun"", ""hill_station"": true}",False
274,"{""phone"": ""95XXXXXX23"", ""call_forwarding"": false}",True
275,"{""first_name"": ""Yash"", ""favorite_cuisine"": ""Italian""}",False
276,"{""name"": ""DXXXXXX PXXXXXXX"", ""address"": ""[REDACTED_ADDRESS]"", ""phone"": ""89XXXXXX67""}",True
277,"{""mongodb_replica"": ""primary"", ""oplog_size"": ""2GB""}",False
278,"{""passport"": ""EXXX2581"", ""chip_enabled"": true}",True
279,"{""last_name"": ""Gupta"", ""travel_frequency"": ""frequent""}",False
280,"{""aadhar"": ""56XXXXXX43"", ""voter_id_linked"": true}",True
281,"{""postgresql_version"": ""13.4"", ""extensions"": ""postgis,pg_stat_statements""}",False
282,"{""name"": ""RXXXXX KXXXXX"", ""email"": ""raXXXX@movies.com"", ""ip_address"": ""[REDACTED_IP]""}",True
283,"{""consul_cluster"": ""3_agents"", ""leader_election"": true}",False
284,"{""upi_id"": ""76XXXXXXXX@paytm"", ""mobile_banking"": true}",True
285,"{""city"": ""Shimla"", ""altitude"": ""2205m""}",False
286,"{""phone"": ""82XXXXXX90"", ""wifi_calling"": true}",True
287,"{""first_name"": ""Ishita"", ""language_skills"": ""Hindi,English,French""}",False
288,"{""name"": ""HXXXXXX RXXXXX"", ""address"": ""[REDACTED_ADDRESS]"", ""email"": ""hrXXXXX@superstar.in""}",True
289,"{""vault_secrets"": ""encrypted"", ""policies"": 8}",False
290,"{""passport"": ""DXXX8529"", ""photo_biometric"": true}",True
291,"{""last_name"": ""Saxena"", ""workout_routine"": ""yoga""}",False
292,"{""aadhar"": ""67XXXXXX43"", ""driving_license_linked"": true}",True
293,"{""kubernetes_ingress"": ""nginx"", ""ssl_termination"": true}",False
294,"{""name"": ""KXXXXXX KXXX"", ""phone"": ""71XXXXXX90"", ""email"": ""kaXXXXX@actress.com""}",True
295,"{""etcd_cluster"": ""healthy"", ""raft_applied_index"": 1000000}",False
296,"{""upi_id"": ""65XXXXXXXX@okaxis"", ""joint_account"": false}",True
297,"{""city"": ""Manali"", ""skiing_season"": ""winter""}",False
298,"{""phone"": ""97XXXXXX45"", ""conference_calling"": true}",True
299,"{""first_name"": ""Naman"", ""programming_language"": ""Python""}",False
300,"{""name"": ""PXXXXXXX CXXXXX"", ""address"": ""[REDACTED_ADDRESS]"", ""ip_address"": ""[REDACTED_IP]""}",True
301,"{""istio_mesh"": ""enabled"", ""sidecar_injection"": true}",False
302,"{""passport"": ""KXXX3574"", ""rfid_enabled"": true}",True
303,"{""last_name"": ""Tiwari"", ""meditation_practice"": ""mindfulness""}",False
304,"{""aadhar"": ""78XXXXXX09"", ""health_insurance_linked"": true}",True
305,"{""linkerd_proxy"": ""stable-2.11.1"", ""success_rate"": 99.9}",False
306,"{""name"": ""AXXXXX KXXXX"", ""email"": ""akXXXX@actionhero.in"", ""device_id"": ""[REDACTED_DEVICE_ID]""}",True
307,"{""opentelemetry"": ""enabled"", ""traces_per_second"": 1000}",False
308,"{""upi_id"": ""54XXXXXXXX@ybl"", ""credit_card_linked"": true}",True
309,"{""city"": ""Ooty"", ""tea_gardens"": true}",False
310,"{""phone"": ""80XXXXXX78"", ""5g_enabled"": true}",True
311,"{""first_name"": ""Sneha"", ""fitness_goal"": ""weight_loss""}",False
312,"{""name"": ""SXXXXX KXXX"", ""address"": ""[REDACTED_ADDRESS]"", ""phone"": ""91XXXXXX80""}",True
313,"{""jaeger_tracing"": ""distributed"", ""spans_collected"": 50000}",False
314,"{""passport"": ""MXXX0741"", ""biometric_exit"": true}",True
315,"{""last_name"": ""Mahajan"", ""hobby"": ""painting""}",False
316,"{""aadhar"": ""89XXXXXX10"", ""life_insurance_linked"": true}",True
317,"{""zipkin_spans"": ""sampled"", ""sampling_rate"": 0.1}",False
318,"{""name"": ""AXXXX KXXX"", ""email"": ""aaXXX@perfectionist.com"", ""ip_address"": ""[REDACTED_IP]""}",True
319,"{""flagger_canary"": ""progressive"", ""success_threshold"": 99}",False
320,"{""upi_id"": ""43XXXXXXXX@paytm"", ""fixed_deposit_linked"": true}",True
321,"{""city"": ""Nainital"", ""lake_city"": true}",False
322,"{""phone"": ""73XXXXXX01"", ""volte_enabled"": true}",True
323,"{""first_name"": ""Rajat"", ""investment_portfolio"": ""balanced""}",False
324,"{""name"": ""SXXX RXXX KXXX"", ""address"": ""[REDACTED_ADDRESS]"", ""email"": ""srX@kingkhan.in""}",True
325,"{""argo_cd"": ""v2.4.0"", ""applications"": 15}",False
326,"{""passport"": ""AXXX1864"", ""fast_track_eligible"": true}",True
327,"{""last_name"": ""Verma"", ""social_media"": ""LinkedIn""}",False
328,"{""order_id"": ""ORD123456"", ""product_category"": ""Electronics"", ""status"": ""delivered""}",False
329,"{""transaction_id"": ""TXN789012"", ""payment_method"": ""credit_card"", ""amount"": 15000}",False
330,"{""product_sku"": ""SKU456789"", ""brand"": ""Samsung"", ""rating"": 4.5}",False
331,"{""campaign_id"": ""CAM123"", ""click_rate"": 0.045, ""conversion"": 0.12}",False
332,"{""session_id"": ""SESS456"", ""page_views"": 8, ""bounce_rate"": 0.25}",False
333,"{""warehouse_code"": ""WH001"", ""inventory_level"": 150, ""reorder_point"": 50}",False
334,"{""coupon_code"": ""SAVE20"", ""discount_percentage"": 20, ""usage_limit"": 1000}",False
335,"{""api_key"": ""API789"", ""requests_per_minute"": 500, ""quota_exceeded"": false}",False
336,"{""batch_id"": ""BATCH123"", ""processed_records"": 50000, ""error_count"": 12}",False
337,"{""log_entry"": ""INFO"", ""timestamp"": ""2024-01-20T10:30:00Z"", ""module"": ""payment_service""}",False
338,"{""metric_name"": ""response_time"", ""value"": 120, ""unit"": ""milliseconds""}",False
339,"{""feature_flag"": ""new_checkout"", ""enabled"": true, ""rollout_percentage"": 50}",False
340,"{""service_name"": ""user_service"", ""version"": ""v2.1.0"", ""health_status"": ""healthy""}",False
341,"{""database_name"": ""primary"", ""connection_pool"": 20, ""active_connections"": 15}",False
342,"{""queue_name"": ""order_processing"", ""message_count"": 245, ""consumers"": 3}",False
343,"{""cache_key"": ""user_profile_123"", ""ttl"": 3600, ""hit_ratio"": 0.85}",False
344,"{""deployment_id"": ""DEP456"", ""environment"": ""production"", ""rollback_available"": true}",False
345,"{""alert_id"": ""ALT789"", ""severity"": ""warning"", ""acknowledged"": false}",False
346,"{""backup_id"": ""BAK123"", ""size"": ""2.5GB"", ""verification"": ""passed""}",False
347,"{""test_suite"": ""integration_tests"", ""passed"": 145, ""failed"": 3}",False
348,"{""build_number"": ""BUILD789"", ""commit_hash"": ""abc123def"", ""deployment_time"": ""2024-01-20T14:25:00Z""}",False
349,"{""region"": ""ap-south-1"", ""availability_zone"": ""ap-south-1a"", ""instance_type"": ""t3.medium""}",False
350,"{""security_scan"": ""vulnerability_assessment"", ""high_risk"": 0, ""medium_risk"": 2}",False
351,"{""load_balancer"": ""ALB"", ""target_groups"": 2, ""healthy_targets"": 6}",False
352,"{""cdn_provider"": ""CloudFront"", ""cache_hit_ratio"": 0.92, ""origin_requests"": 1500}",False
353,"{""ssl_certificate"": ""wildcard"", ""issuer"": ""Let's Encrypt"", ""expiry"": ""2024-12-31""}",False
354,"{""monitoring_dashboard"": ""system_overview"", ""widgets"": 12, ""refresh_interval"": 30}",False
355,"{""compliance_check"": ""gdpr"", ""status"": ""compliant"", ""last_audit"": ""2024-01-01""}",False
356,"{""machine_learning_model"": ""recommendation_engine"", ""accuracy"": 0.89, ""training_data"": ""1M_samples""}",False
357,"{""data_pipeline"": ""etl_daily"", ""source"": ""mongodb"", ""destination"": ""data_warehouse""}",False
358,"{""kubernetes_pod"": ""api-deployment-abc123"", ""cpu_usage"": ""65%"", ""memory_usage"": ""512MB""}",False
359,"{""docker_image"": ""app:v1.2.3"", ""size"": ""150MB"", ""layers"": 8}",False
360,"{""git_branch"": ""feature/new-ui"", ""commits_ahead"": 5, ""merge_conflicts"": false}",False
361,"{""network_interface"": ""eth0"", ""bytes_in"": 1048576, ""bytes_out"": 524288}",False
362,"{""file_system"": ""/dev/sda1"", ""total_space"": ""100GB"", ""free_space"": ""25GB""}",False
363,"{""process_id"": ""12345"", ""cpu_time"": ""2.5s"", ""memory_usage"": ""256MB""}",False
364,"{""thread_pool"": ""worker_threads"", ""active_threads"": 8, ""queue_size"": 15}",False
365,"{""garbage_collection"": ""G1GC"", ""pause_time"": ""10ms"", ""frequency"": ""every_30s""}",False
366,"{""connection_string"": ""postgresql://localhost:5432/app_db"", ""max_connections"": 100, ""current_connections"": 45}",False
367,"{""search_index"": ""products_v2"", ""document_count"": 1000000, ""size"": ""2.1GB""}",False
368,"{""message_broker"": ""RabbitMQ"", ""exchange_type"": ""topic"", ""routing_key"": ""order.created""}",False
369,"{""streaming_platform"": ""Apache Kafka"", ""partition_count"": 12, ""replication_factor"": 3}",False
370,"{""container_orchestrator"": ""Kubernetes"", ""namespace"": ""production"", ""pod_count"": 25}",False
371,"{""microservice_architecture"": ""event_driven"", ""service_count"": 15, ""communication"": ""async""}",False
372,"{""api_gateway"": ""Kong"", ""rate_limiting"": ""1000_rpm"", ""authentication"": ""JWT""}",False
373,"{""service_mesh"": ""Istio"", ""sidecar_proxy"": ""Envoy"", ""mTLS_enabled"": true}",False
374,"{""observability_stack"": ""ELK"", ""log_retention"": ""30_days"", ""alert_rules"": 25}",False
375,"{""aadhar"": ""90XXXXXX81"", ""address_verification"": ""completed"", ""timestamp"": ""2024-01-20T09:15:00Z""}",True
376,"{""name"": ""AXXXX KXXXXX"", ""email"": ""arXXXXXXXXXX@film.in"", ""address"": ""[REDACTED_ADDRESS]""}",True
377,"{""phone"": ""98XXXXXX10"", ""carrier_name"": ""Airtel"", ""plan_type"": ""postpaid""}",True
378,"{""upi_id"": ""arXXXXXX@paytm"", ""linked_bank"": ""HDFC Bank"", ""kyc_status"": ""verified""}",True
379,"{""passport"": ""PXXX6543"", ""issue_place"": ""Mumbai"", ""validity"": ""10_years""}",True
380,"{""name"": ""SXXXX GXXXX"", ""phone"": ""87XXXXXX09"", ""email"": ""soXXX@personal.in"", ""device_type"": ""Android""}",True
381,"{""aadhar"": ""01XXXXXX90"", ""biometric_status"": ""locked"", ""unlock_required"": true}",True
382,"{""name"": ""VXXXXX SXXXX"", ""address"": ""[REDACTED_ADDRESS]"", ""ip_address"": ""[REDACTED_IP]""}",True
383,"{""phone"": ""76XXXXXX98"", ""international_code"": ""+91"", ""verified"": true}",True
384,"{""upi_id"": ""viXXXX@okaxis"", ""transaction_pin"": ""set"", ""daily_limit"": 100000}",True
385,"{""passport"": ""LXXX4567"", ""photo_updated"": ""2024-01-15"", ""pages_left"": 32}",True
386,"{""name"": ""MXXXX SXXXXX"", ""email"": ""meXXXXXXXXXX@office.com"", ""department"": ""HR""}",True
387,"{""aadhar"": ""12XXXXXX01"", ""mobile_verification"": ""pending"", ""otp_sent"": true}",True
388,"{""name"": ""RXXXX SXXXXX"", ""address"": ""[REDACTED_ADDRESS]"", ""phone"": ""89XXXXXX67""}",True
389,"{""phone"": ""67XXXXXX45"", ""sms_service"": ""enabled"", ""promotional_consent"": false}",True
390,"{""upi_id"": ""roXXXXXX@ybl"", ""beneficiary_limit"": 20, ""recent_transaction"": ""2024-01-20""}",True
391,"{""passport"": ""AXXX5432"", ""emergency_contact_name"": ""Priya Shetty"", ""relationship"": ""spouse""}",True
392,"{""name"": ""KXXXX MXXXXXXX"", ""email"": ""kaXXX@actress.in"", ""ip_address"": ""[REDACTED_IP]""}",True
393,"{""aadhar"": ""23XXXXXX12"", ""demographic_auth"": ""success"", ""attempt_count"": 1}",True
394,"{""name"": ""AXXX DXXXXX"", ""address"": ""[REDACTED_ADDRESS]"", ""email"": ""ajXX@action.com""}",True
395,"{""phone"": ""92XXXXXX01"", ""call_log_consent"": true, ""privacy_setting"": ""medium""}",True
396,"{""upi_id"": ""ajXX@icici"", ""merchant_payments"": 15, ""last_settlement"": ""2024-01-19""}",True
397,"{""passport"": ""HXXX6543"", ""visa_pages"": 8, ""endorsement_pages"": 2}",True
398,"{""name"": ""TXXX KXXX"", ""phone"": ""81XXXXXX89"", ""email"": ""taXX@versatile.in""}",True
399,"{""aadhar"": ""34XXXXXX23"", ""bank_seeding"": ""completed"", ""subsidy_linked"": true}",True
400,"{""name"": ""NXXXXXXXXX SXXXXXXX"", ""address"": ""[REDACTED_ADDRESS]"", ""ip_address"": ""[REDACTED_IP]""}",True
401,"{""phone"": ""78XXXXXX56"", ""roaming_activated"": true, ""international_plan"": ""active""}",True
402,"{""upi_id"": ""naXXX@sbi"", ""family_account"": true, ""members_linked"": 4}",True
403,"{""passport"": ""TXXX8901"", ""chip_technology"": ""enabled"", ""security_features"": ""enhanced""}",True
404,"{""name"": ""KXXXXXX SXX"", ""email"": ""koXXXXX@independent.in"", ""device_id"": ""[REDACTED_DEVICE_ID]""}",True
405,"{""aadhar"": ""45XXXXXX34"", ""disability_flag"": false, ""senior_citizen"": false}",True
406,"{""name"": ""IXXXXX KXXX"", ""address"": ""[REDACTED_ADDRESS]"", ""phone"": ""69XXXXXX78""}",True
407,"{""phone"": ""95XXXXXX34"", ""caller_tune"": ""enabled"", ""ringback_tone"": ""bollywood_classic""}",True
408,"{""upi_id"": ""irXXXX@phonepe"", ""insurance_premium"": ""auto_debit"", ""policy_linked"": true}",True
409,"{""passport"": ""KXXX5432"", ""place_of_birth"": ""Mumbai"", ""spouse_name"": ""Sutapa Sikdar""}",True
410,"{""name"": ""PXXXXX TXXXXXXX"", ""email"": ""paXXXX@character.in"", ""ip_address"": ""[REDACTED_IP]""}",True
411,"{""aadhar"": ""56XXXXXX45"", ""rural_address"": false, ""urban_classification"": true}",True
412,"{""name"": ""RXXXXXX AXXX"", ""address"": ""[REDACTED_ADDRESS]"", ""email"": ""raXXXXX@bold.com""}",True
413,"{""phone"": ""84XXXXXX12"", ""missed_call_alert"": true, ""call_waiting"": ""enabled""}",True
414,"{""upi_id"": ""raXXXXX@unionbank"", ""loan_emi"": ""auto_pay"", ""next_due"": ""2024-02-01""}",True
415,"{""passport"": ""RXXX5678"", ""frequent_traveler"": true, ""miles_accumulated"": 50000}",True
416,"{""name"": ""AXXXXXXXX KXXXXXXX"", ""phone"": ""73XXXXXX01"", ""email"": ""ayXXXXXXX@versatile.in""}",True
417,"{""aadhar"": ""67XXXXXX56"", ""health_id"": ""linked"", ""vaccination_status"": ""fully_vaccinated""}",True
418,"{""name"": ""BXXXX PXXXXXXX"", ""address"": ""[REDACTED_ADDRESS]"", ""ip_address"": ""[REDACTED_IP]""}",True
419,"{""phone"": ""96XXXXXX34"", ""network_type"": ""4G"", ""data_usage"": ""15GB_monthly""}",True
420,"{""upi_id"": ""bhXXX@kotak"", ""savings_goal"": ""home_purchase"", ""target_amount"": 5000000}",True
421,"{""passport"": ""SXXX2345"", ""digital_copy"": ""available"", ""qr_code"": ""generated""}",True
422,"{""name"": ""RXXXXXXXX RXX"", ""email"": ""raXXXXXXX@method.in"", ""device_type"": ""Samsung""}",True
423,"{""aadhar"": ""78XXXXXX67"", ""aadhaar_pay"": ""enabled"", ""micro_atm"": ""registered""}",True
424,"{""name"": ""KXXXX SXXXX"", ""address"": ""[REDACTED_ADDRESS]"", ""phone"": ""87XXXXXX45""}",True
425,"{""phone"": ""67XXXXXX45"", ""backup_sim"": ""inactive"", ""primary_number"": true}",True
426,"{""upi_id"": ""krXXX@yesbank"", ""credit_score_check"": ""monthly"", ""current_score"": 785}",True
427,"{""passport"": ""CXXX9012"", ""biometric_data"": ""encrypted"", ""facial_recognition"": true}",True
428,"{""name"": ""KXXXXX AXXXXX"", ""email"": ""kaXXXX@comedy.in"", ""ip_address"": ""[REDACTED_IP]""}",True
429,"{""aadhar"": ""89XXXXXX78"", ""consent_manager"": ""registered"", ""data_sharing"": ""limited""}",True
430,"{""name"": ""AXXXXX PXXXXX"", ""address"": ""[REDACTED_ADDRESS]"", ""email"": ""anXXXX@gen_z.com""}",True
431,"{""phone"": ""78XXXXXX56"", ""video_calling"": true, ""screen_sharing"": ""enabled""}",True
432,"{""upi_id"": ""anXXXX@hdfcbank"", ""student_account"": true, ""education_loan"": ""linked""}",True
433,"{""passport"": ""NXXX6789"", ""minor_passport"": false, ""guardian_details"": ""not_applicable""}",True
434,"{""name"": ""TXXXX SXXXXX"", ""phone"": ""89XXXXXX67"", ""email"": ""tiXXX@action.in""}",True
435,"{""aadhar"": ""90XXXXXX89"", ""fitness_tracker"": ""linked"", ""health_records"": ""digital""}",True
436,"{""name"": ""DXXXX PXXXXX"", ""address"": ""[REDACTED_ADDRESS]"", ""ip_address"": ""[REDACTED_IP]""}",True
437,"{""phone"": ""90XXXXXX78"", ""ai_assistant"": ""enabled"", ""voice_recognition"": true}",True
438,"{""upi_id"": ""diXXX@axis"", ""fashion_expenses"": ""tracked"", ""budget_alert"": true}",True
439,"{""passport"": ""DXXX0123"", ""travel_insurance"": ""comprehensive"", ""coverage"": ""worldwide""}",True
440,"{""name"": ""VXXXX KXXXXXX"", ""email"": ""viXXX@intense.in"", ""device_id"": ""[REDACTED_DEVICE_ID]""}",True
441,"{""aadhar"": ""01XXXXXX90"", ""military_service"": ""eligible"", ""ncc_certificate"": true}",True
442,"{""name"": ""KXXXX AXXXXX"", ""address"": ""[REDACTED_ADDRESS]"", ""phone"": ""71XXXXXX90""}",True
443,"{""phone"": ""82XXXXXX90"", ""conference_call"": ""premium"", ""participants_limit"": 50}",True
444,"{""upi_id"": ""kiXXX@indianbank"", ""jewelry_insurance"": ""active"", ""premium"": ""monthly""}",True
445,"{""passport"": ""VXXX7890"", ""diplomatic_immunity"": false, ""official_travel"": ""business""}",True
446,"{""name"": ""SXXXXXXX MXXXXXXX"", ""email"": ""siXXXXXX@romantic.in"", ""ip_address"": ""[REDACTED_IP]""}",True
447,"{""aadhar"": ""12XXXXXX01"", ""property_registration"": ""linked"", ""stamp_duty"": ""paid""}",True
448,"{""name"": ""SXXXXXXX KXXXXX"", ""address"": ""[REDACTED_ADDRESS]"", ""email"": ""shXXXXXX@melodious.com""}",True
449,"{""phone"": ""93XXXXXX12"", ""music_streaming"": ""premium"", ""offline_downloads"": 500}",True
450,"{""upi_id"": ""shXXXXXX@pnb"", ""concert_tickets"": ""auto_book"", ""artist_alerts"": true}",True
451,"{""passport"": ""UXXX1234"", ""artist_visa"": ""multi_entry"", ""performance_permit"": true}",True
452,"{""name"": ""VXXXX SXXXXX"", ""phone"": ""84XXXXXX12"", ""email"": ""vaXXX@comedy.in""}",True
453,"{""aadhar"": ""23XXXXXX12"", ""comedy_club"": ""member"", ""performance_rights"": ""registered""}",True
454,"{""name"": ""JXXXXX KXXXXX"", ""address"": ""[REDACTED_ADDRESS]"", ""ip_address"": ""[REDACTED_IP]""}",True
455,"{""phone"": ""75XXXXXX23"", ""fashion_alerts"": true, ""brand_notifications"": ""selective""}",True
456,"{""upi_id"": ""jaXXXX@canara"", ""designer_payments"": ""frequent"", ""luxury_limit"": 1000000}",True
457,"{""passport"": ""FXXX8901"", ""fashion_week"": ""participant"", ""designer_collaboration"": true}",True
458,"{""name"": ""AXXXX RXXXX"", ""email"": ""arXXX@intense.in"", ""device_type"": ""OnePlus""}",True
459,"{""aadhar"": ""34XXXXXX23"", ""medical_college"": ""alumni"", ""practicing_license"": ""valid""}",True
460,"{""name"": ""RXXXXXXX MXXXXXXX"", ""address"": ""[REDACTED_ADDRESS]"", ""phone"": ""96XXXXXX34""}",True
461,"{""phone"": ""68XXXXXX56"", ""regional_content"": ""Telugu"", ""dubbing_preference"": ""original""}",True
462,"{""upi_id"": ""raXXXXXX@sbi"", ""south_cinema"": ""promotions"", ""fan_engagement"": ""high""}",True
463,"{""passport"": ""GXXX9012"", ""regional_cinema"": ""ambassador"", ""cultural_exchange"": true}",True
464,"{""name"": ""AXXX AXXXX"", ""email"": ""alXX@stylish.in"", ""ip_address"": ""[REDACTED_IP]""}",True
465,"{""aadhar"": ""45XXXXXX34"", ""dance_academy"": ""owner"", ""choreography_rights"": ""exclusive""}",True
466,"{""name"": ""SXXXXXXX AXXXXXXX"", ""address"": ""[REDACTED_ADDRESS]"", ""email"": ""saXXXXXX@versatile.in""}",True
467,"{""phone"": ""89XXXXXX67"", ""charity_work"": ""active"", ""foundation_calls"": ""priority""}",True
468,"{""upi_id"": ""saXXXXXX@hdfc"", ""donation_auto"": ""monthly"", ""cause"": ""women_empowerment""}",True
469,"{""passport"": ""IXXX2345"", ""humanitarian_visa"": ""active"", ""ngo_collaboration"": true}",True
470,"{""name"": ""RXX CXXXXX"", ""phone"": ""72XXXXXX90"", ""email"": ""raX@megastar.in""}",True
471,"{""aadhar"": ""56XXXXXX45"", ""horse_racing"": ""license"", ""stable_owner"": true}",True
472,"{""name"": ""JX NXX"", ""address"": ""[REDACTED_ADDRESS]"", ""ip_address"": ""[REDACTED_IP]""}",True
473,"{""phone"": ""83XXXXXX01"", ""political_updates"": ""subscribed"", ""rally_notifications"": true}",True
474,"{""upi_id"": ""ntX@andhra"", ""political_donations"": ""transparent"", ""party_fund"": ""contributor""}",True
475,"{""passport"": ""JXXX3456"", ""political_visa"": ""diplomatic"", ""state_visits"": ""official""}",True
476,"{""name"": ""MXXXXX BXXX"", ""email"": ""maXXXX@superstar.in"", ""device_id"": ""[REDACTED_DEVICE_ID]""}",True
477,"{""aadhar"": ""67XXXXXX56"", ""production_house"": ""owner"", ""film_financing"": ""independent""}",True
478,"{""name"": ""PXXXXXX RXXX"", ""address"": ""[REDACTED_ADDRESS]"", ""phone"": ""94XXXXXX12""}",True
479,"{""phone"": ""76XXXXXX34"", ""pan_india"": ""stardom"", ""multilingual_alerts"": true}",True
480,"{""upi_id"": ""prXXXXX@federal"", ""movie_budget"": ""international"", ""currency"": ""multi""}",True
481,"{""passport"": ""BXXX6789"", ""international_filming"": ""permitted"", ""visa_facilitation"": true}",True
482,"{""name"": ""RXXX DXXXXXXXX"", ""email"": ""raXX@versatile.in"", ""ip_address"": ""[REDACTED_IP]""}",True
483,"{""aadhar"": ""78XXXXXX67"", ""visual_effects"": ""studio_owner"", ""technology_innovator"": true}",True
484,"{""name"": ""AXXXXXX SXXXXX"", ""address"": ""[REDACTED_ADDRESS]"", ""email"": ""anXXXXX@baahubali.in""}",True
485,"{""phone"": ""85XXXXXX23"", ""fitness_regime"": ""strict"", ""trainer_calls"": ""daily""}",True
486,"{""upi_id"": ""anXXXXX@karnataka"", ""fitness_equipment"": ""premium"", ""health_monitoring"": ""advanced""}",True
487,"{""passport"": ""EXXX7890"", ""fitness_travel"": ""wellness"", ""spa_treatments"": ""international""}",True
488,"{""name"": ""TXXXXXXXX BXXXXX"", ""phone"": ""97XXXXXX45"", ""email"": ""taXXXXXX@glamorous.in""}",True
489,"{""aadhar"": ""89XXXXXX78"", ""brand_ambassador"": ""multiple"", ""endorsement_value"": ""premium""}",True
490,"{""name"": ""KXXXX AXXXXXXX"", ""address"": ""[REDACTED_ADDRESS]"", ""ip_address"": ""[REDACTED_IP]""}",True
491,"{""phone"": ""61XXXXXX89"", ""punjabi_connection"": ""cultural"", ""regional_films"": ""multilingual""}",True
492,"{""upi_id"": ""kaXXX@punjab"", ""cultural_events"": ""sponsor"", ""heritage_preservation"": ""donor""}",True
493,"{""passport"": ""LXXX0123"", ""cultural_ambassador"": ""official"", ""international_events"": ""participant""}",True
494,"{""name"": ""RXXXX PXXXX SXXXX"", ""email"": ""raXXX@fitness.in"", ""device_type"": ""iPhone_Pro""}",True
495,"{""aadhar"": ""90XXXXXX89"", ""fitness_influencer"": ""certified"", ""wellness_brand"": ""founder""}",True
496,"{""name"": ""PXXXX HXXXX"", ""address"": ""[REDACTED_ADDRESS]"", ""phone"": ""82XXXXXX90""}",True
497,"{""phone"": ""78XXXXXX56"", ""dance_choreography"": ""skilled"", ""performance_rights"": ""exclusive""}",True
498,"{""upi_id"": ""poXXX@maharashtra"", ""dance_academy"": ""investment"", ""cultural_promotion"": ""active""}",True
499,"{""passport"": ""MXXX1234"", ""dance_festivals"": ""judge"", ""international_recognition"": true}",True
500,"{""name"": ""RXXXXX CXXXXXXXX"", ""email"": ""reXXXX@multilingual.in"", ""ip_address"": ""[REDACTED_IP]""}",True
